page_number,page_size,cold_cache_time_ms,warm_cache_time_ms
1,5,29,3
2,5,14,4
3,5,12,2
4,5,12,4
5,5,12,3
6,5,14,4
7,5,13,4
8,5,12,5
9,5,13,3
10,5,12,3
11,5,13,3
12,5,14,3
13,5,14,4
14,5,13,3
15,5,13,4
16,5,13,5
17,5,13,5
18,5,17,4
19,5,13,5
20,5,14,4
21,5,13,3
22,5,12,4
23,5,12,4
24,5,12,4
25,5,12,3
26,5,14,4
27,5,13,4
28,5,12,3
29,5,12,3
30,5,13,4
31,5,12,4
32,5,12,4
33,5,12,3
34,5,12,3
35,5,13,4
36,5,14,6
37,5,13,3
38,5,12,4
39,5,13,3
40,5,14,3
41,5,13,4
42,5,14,3
43,5,13,2
44,5,13,4
45,5,15,4
46,5,14,4
47,5,15,5
48,5,18,4
49,5,16,4
50,5,14,4
51,5,14,5
52,5,13,4
53,5,14,4
54,5,14,4
55,5,12,4
56,5,13,3
57,5,13,4
58,5,13,5
59,5,14,4
60,5,13,4
61,5,13,4
62,5,12,5
63,5,14,4
64,5,13,4
65,5,13,3
66,5,15,4
67,5,13,4
68,5,13,4
69,5,13,4
70,5,13,3
71,5,14,4
72,5,20,5
73,5,13,4
74,5,13,3
75,5,14,4
76,5,14,3
77,5,14,3
78,5,18,3
79,5,13,4
80,5,13,4
81,5,14,4
82,5,13,4
83,5,15,5
84,5,13,4
85,5,13,4
86,5,12,4
87,5,13,3
88,5,12,4
89,5,12,4
90,5,12,3
91,5,13,4
92,5,13,4
93,5,14,3
94,5,13,3
95,5,12,3
96,5,12,2
97,5,12,3
98,5,13,3
99,5,12,4
100,5,12,3
101,5,12,4
102,5,12,3
103,5,12,3
104,5,13,4
105,5,13,4
106,5,13,3
107,5,13,3
108,5,12,3
109,5,14,3
110,5,13,3
111,5,13,5
112,5,13,4
113,5,13,4
114,5,13,3
115,5,11,4
116,5,12,3
117,5,12,3
118,5,13,3
119,5,13,3
120,5,12,3
121,5,13,4
122,5,12,4
123,5,13,3
124,5,13,3
125,5,12,3
126,5,13,4
127,5,12,3
128,5,13,3
129,5,12,3
130,5,12,4
131,5,13,3
132,5,12,3
133,5,11,4
134,5,12,2
135,5,12,4
136,5,12,4
137,5,13,4
138,5,11,4
139,5,13,3
140,5,11,4
141,5,13,3
142,5,13,3
143,5,14,3
144,5,12,4
145,5,12,3
146,5,11,5
147,5,12,5
148,5,12,4
149,5,13,3
150,5,12,3
151,5,12,4
152,5,12,3
153,5,12,3
154,5,11,3
155,5,13,3
156,5,13,3
157,5,12,3
158,5,11,4
159,5,12,3
160,5,12,3
161,5,12,4
162,5,13,4
163,5,12,4
164,5,12,3
165,5,12,3
166,5,12,3
167,5,13,3
168,5,13,4
169,5,12,3
170,5,13,4
171,5,12,3
172,5,14,4
173,5,12,8
174,5,13,3
175,5,12,3
176,5,12,3
177,5,13,4
178,5,13,5
179,5,13,4
180,5,13,5
181,5,12,4
182,5,13,3
183,5,13,4
184,5,12,3
185,5,12,3
186,5,13,4
187,5,14,3
188,5,13,3
189,5,13,4
190,5,12,4
191,5,12,3
192,5,13,3
193,5,14,3
194,5,13,2
195,5,13,4
196,5,13,3
197,5,12,4
198,5,13,3
199,5,13,3
200,5,12,3
201,5,12,3
202,5,12,3
203,5,12,3
204,5,12,3
205,5,13,3
206,5,13,3
207,5,13,29
208,5,13,3
209,5,13,3
210,5,13,3
211,5,12,4
212,5,12,5
213,5,11,5
214,5,12,3
215,5,13,3
216,5,12,4
217,5,13,3
218,5,13,3
219,5,12,4
220,5,13,4
221,5,12,4
222,5,14,4
223,5,12,3
224,5,13,3
225,5,13,3
226,5,12,3
227,5,13,3
228,5,12,3
229,5,14,4
230,5,13,3
231,5,12,3
232,5,12,3
233,5,13,4
234,5,13,3
235,5,13,4
236,5,13,4
237,5,12,4
238,5,11,4
239,5,13,4
240,5,12,4
241,5,14,4
242,5,12,4
243,5,13,4
244,5,12,4
245,5,12,4
246,5,12,3
247,5,14,4
248,5,13,3
249,5,12,4
250,5,12,4
251,5,13,3
252,5,12,2
253,5,16,3
254,5,13,4
255,5,13,3
256,5,13,4
257,5,12,3
258,5,13,3
259,5,13,4
260,5,13,3
261,5,12,3
262,5,12,3
263,5,12,4
264,5,13,3
265,5,14,4
266,5,14,4
267,5,12,4
268,5,13,3
269,5,13,3
270,5,12,3
271,5,12,4
272,5,13,3
273,5,11,4
274,5,12,3
275,5,13,4
276,5,12,4
277,5,13,3
278,5,14,3
279,5,12,3
280,5,12,3
281,5,12,3
282,5,12,4
283,5,12,4
284,5,13,4
285,5,12,3
286,5,12,8
287,5,12,4
288,5,11,4
289,5,12,3
290,5,14,4
291,5,14,9
292,5,14,3
293,5,12,3
294,5,13,3
295,5,13,3
296,5,12,4
297,5,12,3
298,5,12,4
299,5,12,4
300,5,14,3
301,5,12,3
302,5,12,3
303,5,12,3
304,5,12,3
305,5,12,3
306,5,13,3
307,5,12,4
308,5,12,5
309,5,13,3
310,5,11,5
311,5,12,4
312,5,12,3
313,5,13,3
314,5,12,3
315,5,13,3
316,5,12,3
317,5,13,3
318,5,13,4
319,5,12,4
320,5,12,4
321,5,13,8
322,5,12,4
323,5,13,4
324,5,12,3
325,5,12,5
326,5,11,5
327,5,13,3
328,5,13,4
329,5,13,4
330,5,13,4
331,5,12,3
332,5,12,4
333,5,12,3
334,5,14,3
335,5,12,3
336,5,13,4
337,5,12,3
338,5,11,3
339,5,13,4
340,5,13,4
341,5,13,3
342,5,12,4
343,5,12,4
344,5,13,3
345,5,13,3
346,5,14,3
347,5,13,4
348,5,13,3
349,5,12,3
350,5,12,4
351,5,12,4
352,5,13,4
353,5,12,4
354,5,12,3
355,5,13,3
356,5,13,3
357,5,12,3
358,5,12,4
359,5,14,3
360,5,13,3
361,5,12,3
362,5,12,4
363,5,12,3
364,5,11,4
365,5,13,4
366,5,13,3
367,5,13,3
368,5,13,3
369,5,12,4
370,5,11,4
371,5,13,4
372,5,13,3
373,5,12,4
374,5,12,3
375,5,13,3
376,5,13,3
377,5,13,4
378,5,12,4
379,5,13,3
380,5,12,4
381,5,13,3
382,5,12,3
383,5,13,5
384,5,13,3
385,5,12,4
386,5,12,3
387,5,13,4
388,5,12,3
389,5,13,4
390,5,13,3
391,5,13,4
392,5,12,3
393,5,12,4
394,5,12,4
395,5,13,4
396,5,14,2
397,5,12,3
398,5,12,3
399,5,11,4
400,5,13,4
401,5,12,3
402,5,14,4
403,5,13,3
404,5,12,4
405,5,13,3
406,5,13,3
407,5,13,4
408,5,13,3
409,5,12,4
410,5,12,4
411,5,13,3
412,5,13,4
413,5,12,3
414,5,13,5
415,5,12,4
416,5,12,4
417,5,11,5
418,5,12,3
419,5,13,3
420,5,12,4
421,5,12,4
422,5,12,3
423,5,13,4
424,5,13,4
425,5,12,3
426,5,12,3
427,5,13,3
428,5,12,3
429,5,12,3
430,5,11,5
431,5,12,3
432,5,12,4
433,5,14,4
434,5,11,3
435,5,13,4
436,5,13,3
437,5,12,4
438,5,12,3
439,5,13,4
440,5,12,3
441,5,12,3
442,5,13,3
443,5,11,4
444,5,11,4
445,5,11,7
446,5,13,4
447,5,12,3
448,5,13,3
449,5,12,4
450,5,12,4
451,5,12,3
452,5,13,3
453,5,12,4
454,5,15,5
455,5,13,3
456,5,13,4
457,5,12,3
458,5,13,4
459,5,11,4
460,5,13,4
461,5,11,5
462,5,13,4
463,5,11,5
464,5,14,3
465,5,12,4
466,5,11,3
467,5,11,3
468,5,12,4
469,5,11,4
470,5,14,4
471,5,12,4
472,5,12,4
473,5,13,3
474,5,13,4
475,5,11,3
476,5,12,4
477,5,12,6
478,5,12,4
479,5,12,4
480,5,12,5
481,5,13,4
482,5,13,3
483,5,13,3
484,5,11,3
485,5,12,3
486,5,11,5
487,5,13,3
488,5,11,4
489,5,14,4
490,5,12,4
491,5,12,4
492,5,12,3
493,5,11,4
494,5,13,4
495,5,13,3
496,5,12,4
497,5,13,3
498,5,12,3
499,5,12,4
500,5,12,4
501,5,15,4
502,5,11,4
503,5,12,3
504,5,12,3
505,5,12,2
506,5,11,4
507,5,14,4
508,5,12,3
509,5,17,6
510,5,13,4
511,5,12,3
512,5,14,4
513,5,14,4
514,5,12,4
515,5,12,4
516,5,12,4
517,5,11,5
518,5,12,3
519,5,13,4
520,5,12,4
521,5,11,3
522,5,12,3
523,5,11,4
524,5,14,4
525,5,14,3
526,5,12,3
527,5,12,3
528,5,12,4
529,5,12,3
530,5,13,3
531,5,14,5
532,5,12,4
533,5,13,3
534,5,13,3
535,5,13,4
536,5,14,3
537,5,12,4
538,5,12,3
539,5,13,4
540,5,12,4
541,5,11,5
542,5,13,3
543,5,12,3
544,5,13,3
545,5,12,4
546,5,11,4
547,5,13,4
548,5,12,4
549,5,11,4
550,5,12,4
551,5,12,4
552,5,11,5
553,5,13,4
554,5,13,3
555,5,12,5
556,5,14,4
557,5,13,3
558,5,12,4
559,5,12,4
560,5,13,3
561,5,12,3
562,5,12,5
563,5,12,3
564,5,12,3
565,5,13,3
566,5,12,4
567,5,12,4
568,5,14,4
569,5,13,3
570,5,13,4
571,5,11,4
572,5,12,4
573,5,12,3
574,5,13,4
575,5,13,3
576,5,12,4
577,5,13,3
578,5,12,8
579,5,12,3
580,5,13,5
581,5,12,3
582,5,13,3
583,5,13,4
584,5,12,4
585,5,11,4
586,5,11,4
587,5,13,4
588,5,11,5
589,5,12,4
590,5,11,4
591,5,12,4
592,5,13,3
593,5,13,3
594,5,11,5
595,5,13,3
596,5,13,4
597,5,12,4
598,5,12,4
599,5,14,3
600,5,13,3
601,5,12,4
602,5,13,3
603,5,12,3
604,5,12,3
605,5,13,4
606,5,13,4
607,5,12,4
608,5,12,4
609,5,12,2
610,5,12,3
611,5,13,4
612,5,13,3
613,5,12,3
614,5,11,5
615,5,12,2
616,5,12,3
617,5,11,4
618,5,13,4
619,5,13,3
620,5,11,3
621,5,13,3
622,5,12,3
623,5,12,3
624,5,14,3
625,5,12,3
626,5,12,4
627,5,11,4
628,5,14,4
629,5,12,4
630,5,13,4
631,5,13,4
632,5,11,5
633,5,12,3
634,5,11,4
635,5,12,3
636,5,12,3
637,5,13,2
638,5,13,3
639,5,12,3
640,5,12,4
641,5,12,3
642,5,18,4
643,5,13,4
644,5,12,4
645,5,11,3
646,5,13,2
647,5,12,4
648,5,12,4
649,5,13,4
650,5,11,3
651,5,12,3
652,5,13,3
653,5,12,3
654,5,11,3
655,5,14,4
656,5,12,3
657,5,12,4
658,5,11,5
659,5,12,4
660,5,12,2
661,5,12,4
662,5,12,3
663,5,12,4
664,5,11,4
665,5,12,3
666,5,12,4
667,5,11,6
668,5,12,3
669,5,11,4
670,5,13,3
671,5,13,4
672,5,12,4
673,5,13,4
674,5,13,4
675,5,11,4
676,5,11,4
677,5,12,3
678,5,12,3
679,5,12,3
680,5,13,2
681,5,12,3
682,5,12,3
683,5,11,6
684,5,12,4
685,5,11,3
686,5,12,4
687,5,11,3
688,5,12,5
689,5,12,4
690,5,12,2
691,5,13,3
692,5,13,3
693,5,12,5
694,5,11,4
695,5,11,4
696,5,13,3
697,5,12,3
698,5,12,3
699,5,13,3
700,5,12,4
701,5,12,3
702,5,12,4
703,5,12,3
704,5,12,3
705,5,11,5
706,5,13,4
707,5,13,3
708,5,12,5
709,5,12,3
710,5,11,4
711,5,12,4
712,5,13,4
713,5,12,5
714,5,12,4
715,5,11,4
716,5,13,4
717,5,12,3
718,5,13,3
719,5,13,10
720,5,10,5
721,5,11,5
722,5,14,3
723,5,12,3
724,5,13,4
725,5,12,3
726,5,12,4
727,5,12,3
728,5,12,4
729,5,13,4
730,5,13,4
731,5,12,3
732,5,13,4
733,5,13,3
734,5,13,3
735,5,12,3
736,5,13,3
737,5,13,5
738,5,12,5
739,5,12,4
740,5,13,3
741,5,12,3
742,5,14,4
743,5,12,3
744,5,13,3
745,5,11,3
746,5,13,3
747,5,12,3
748,5,12,6
749,5,14,4
750,5,12,2
751,5,12,4
752,5,12,4
753,5,12,3
754,5,13,4
755,5,12,5
756,5,12,4
757,5,12,3
758,5,13,3
759,5,12,4
760,5,12,3
761,5,15,3
762,5,13,3
763,5,12,4
764,5,11,5
765,5,12,4
766,5,12,4
767,5,14,4
768,5,13,3
769,5,11,4
770,5,13,2
771,5,12,3
772,5,12,4
773,5,13,3
774,5,12,3
775,5,12,4
776,5,13,3
777,5,12,4
778,5,12,4
779,5,13,4
780,5,12,3
781,5,12,3
782,5,13,3
783,5,12,3
784,5,13,4
785,5,12,4
786,5,14,3
787,5,12,4
788,5,12,3
789,5,12,3
790,5,14,3
791,5,13,4
792,5,13,4
793,5,14,4
794,5,12,2
795,5,12,3
796,5,12,3
797,5,12,3
798,5,13,3
799,5,12,2
800,5,14,2
801,5,11,3
802,5,12,5
803,5,12,3
804,5,12,4
805,5,14,4
806,5,12,3
807,5,13,7
808,5,12,3
809,5,12,2
810,5,12,4
811,5,13,4
812,5,12,4
813,5,12,4
814,5,12,3
815,5,12,3
816,5,13,3
817,5,12,4
818,5,11,4
819,5,13,4
820,5,11,3
821,5,11,3
822,5,12,4
823,5,12,4
824,5,12,2
825,5,13,4
826,5,13,4
827,5,12,3
828,5,12,3
829,5,13,4
830,5,11,4
831,5,13,4
832,5,12,4
833,5,12,4
834,5,12,3
835,5,13,4
836,5,12,4
837,5,12,2
838,5,12,2
839,5,13,3
840,5,12,4
841,5,12,3
842,5,11,4
843,5,12,3
844,5,13,3
845,5,12,4
846,5,11,4
847,5,12,5
848,5,13,2
849,5,13,3
850,5,13,3
851,5,11,4
852,5,12,3
853,5,13,3
854,5,13,3
855,5,13,3
856,5,12,4
857,5,12,3
858,5,11,4
859,5,12,4
860,5,12,4
861,5,13,4
862,5,12,3
863,5,12,3
864,5,12,3
865,5,11,4
866,5,12,3
867,5,14,4
868,5,11,3
869,5,14,3
870,5,12,3
871,5,12,4
872,5,11,3
873,5,13,8
874,5,12,4
875,5,12,3
876,5,12,3
877,5,11,4
878,5,11,4
879,5,12,4
880,5,12,3
881,5,12,3
882,5,12,4
883,5,11,4
884,5,12,3
885,5,13,4
886,5,13,3
887,5,13,3
888,5,13,3
889,5,13,3
890,5,12,3
891,5,14,3
892,5,13,3
893,5,13,3
894,5,12,3
895,5,12,3
896,5,13,3
897,5,13,3
898,5,14,4
899,5,12,4
900,5,13,3
901,5,12,3
902,5,13,3
903,5,13,3
904,5,12,4
905,5,11,2
906,5,13,3
907,5,12,3
908,5,12,3
909,5,13,4
910,5,12,6
911,5,12,4
912,5,13,3
913,5,12,4
914,5,12,3
915,5,12,3
916,5,12,4
917,5,12,4
918,5,12,3
919,5,13,4
920,5,11,4
921,5,13,4
922,5,13,3
923,5,14,4
924,5,13,3
925,5,12,3
926,5,12,4
927,5,13,4
928,5,12,4
929,5,12,4
930,5,14,3
931,5,22,6
932,5,16,4
933,5,15,4
934,5,19,5
935,5,16,6
936,5,16,4
937,5,16,4
938,5,12,4
939,5,13,5
940,5,13,4
941,5,14,4
942,5,13,4
943,5,13,4
944,5,13,3
945,5,13,4
946,5,13,4
947,5,12,4
948,5,12,3
949,5,12,4
950,5,12,4
951,5,13,3
952,5,12,3
953,5,13,4
954,5,13,3
955,5,13,4
956,5,12,3
957,5,13,3
958,5,12,4
959,5,13,3
960,5,13,3
961,5,12,3
962,5,13,4
963,5,12,4
964,5,12,6
965,5,18,5
966,5,12,3
967,5,12,4
968,5,12,5
969,5,13,3
970,5,14,3
971,5,13,3
972,5,12,4
973,5,12,3
974,5,12,4
975,5,12,4
976,5,12,4
977,5,13,4
978,5,13,4
979,5,12,4
980,5,13,4
981,5,13,4
982,5,14,4
983,5,13,4
984,5,13,4
985,5,12,3
986,5,12,5
987,5,13,4
988,5,13,3
989,5,13,3
990,5,13,3
991,5,12,4
992,5,11,4
993,5,12,4
994,5,13,4
995,5,12,4
996,5,13,3
997,5,11,4
998,5,11,3
999,5,12,3
1000,5,14,4
1001,5,13,4
1002,5,13,4
1003,5,13,3
1004,5,12,3
1005,5,13,4
1006,5,13,3
1007,5,12,4
1008,5,12,3
1009,5,12,3
1010,5,13,3
1011,5,12,4
1012,5,14,5
1013,5,12,3
1014,5,12,4
1015,5,12,4
1016,5,12,3
1017,5,13,3
1018,5,12,4
1019,5,13,3
1020,5,13,3
1021,5,12,4
1022,5,12,3
1023,5,12,4
1024,5,12,3
1025,5,13,3
1026,5,12,4
1027,5,13,3
1028,5,12,4
1029,5,12,4
1030,5,13,4
1031,5,13,4
1032,5,12,4
1033,5,12,2
1034,5,12,5
1035,5,12,4
1036,5,13,4
1037,5,14,4
1038,5,13,3
1039,5,13,3
1040,5,12,4
1041,5,12,3
1042,5,14,4
1043,5,14,4
1044,5,12,3
1045,5,13,3
1046,5,13,5
1047,5,13,3
1048,5,12,3
1049,5,14,3
1050,5,13,4
1051,5,12,4
1052,5,13,3
1053,5,11,4
1054,5,13,3
1055,5,13,4
1056,5,11,4
1057,5,13,4
1058,5,12,4
1059,5,12,4
1060,5,12,3
1061,5,11,5
1062,5,14,4
1063,5,13,3
1064,5,13,3
1065,5,12,3
1066,5,13,3
1067,5,12,5
1068,5,13,4
1069,5,12,4
1070,5,14,2
1071,5,12,3
1072,5,11,4
1073,5,12,3
1074,5,14,3
1075,5,13,4
1076,5,12,4
1077,5,12,3
1078,5,12,3
1079,5,12,4
1080,5,13,3
1081,5,12,3
1082,5,12,3
1083,5,13,4
1084,5,12,3
1085,5,12,3
1086,5,13,4
1087,5,11,5
1088,5,13,6
1089,5,13,4
1090,5,12,4
1091,5,12,3
1092,5,13,3
1093,5,12,3
1094,5,13,2
1095,5,12,4
1096,5,12,3
1097,5,11,3
1098,5,12,4
1099,5,12,3
1100,5,12,3
1101,5,14,3
1102,5,11,4
1103,5,11,4
1104,5,12,4
1105,5,13,4
1106,5,11,4
1107,5,11,3
1108,5,14,4
1109,5,13,4
1110,5,12,4
1111,5,13,3
1112,5,13,2
1113,5,13,4
1114,5,12,3
1115,5,13,3
1116,5,12,3
1117,5,11,4
1118,5,14,3
1119,5,11,4
1120,5,12,4
1121,5,12,4
1122,5,12,3
1123,5,12,3
1124,5,14,3
1125,5,12,4
1126,5,13,3
1127,5,11,4
1128,5,12,3
1129,5,12,3
1130,5,14,4
1131,5,12,3
1132,5,11,4
1133,5,12,3
1134,5,12,3
1135,5,12,3
1136,5,14,5
1137,5,13,3
1138,5,12,3
1139,5,12,4
1140,5,12,3
1141,5,11,3
1142,5,12,4
1143,5,14,3
1144,5,12,5
1145,5,13,5
1146,5,12,4
1147,5,12,3
1148,5,14,3
1149,5,13,3
1150,5,12,3
1151,5,12,3
1152,5,12,3
1153,5,12,3
1154,5,13,3
1155,5,12,3
1156,5,13,4
1157,5,12,4
1158,5,11,6
1159,5,13,4
1160,5,13,4
1161,5,13,4
1162,5,12,4
1163,5,12,8
1164,5,12,5
1165,5,12,3
1166,5,12,5
1167,5,13,4
1168,5,13,4
1169,5,11,4
1170,5,14,3
1171,5,12,3
1172,5,13,2
1173,5,12,4
1174,5,12,5
1175,5,13,4
1176,5,13,4
1177,5,12,3
1178,5,13,3
1179,5,13,4
1180,5,12,5
1181,5,13,5
1182,5,12,4
1183,5,12,22
1184,5,13,4
1185,5,12,4
1186,5,12,3
1187,5,11,9
1188,5,13,4
1189,5,12,4
1190,5,12,4
1191,5,13,4
1192,5,12,3
1193,5,14,4
1194,5,12,4
1195,5,12,3
1196,5,12,4
1197,5,13,3
1198,5,13,3
1199,5,12,3
1200,5,13,3
1201,5,12,4
1202,5,12,4
1203,5,13,4
1204,5,19,3
1205,5,12,5
1206,5,12,3
1207,5,12,4
1208,5,13,5
1209,5,13,4
1210,5,12,4
1211,5,13,4
1212,5,12,3
1213,5,12,2
1214,5,14,3
1215,5,13,3
1216,5,12,4
1217,5,12,4
1218,5,12,4
1219,5,12,4
1220,5,13,3
1221,5,13,4
1222,5,13,3
1223,5,12,3
1224,5,12,4
1225,5,12,3
1226,5,13,4
1227,5,14,5
1228,5,13,3
1229,5,12,3
1230,5,11,4
1231,5,12,3
1232,5,12,4
1233,5,13,4
1234,5,12,4
1235,5,12,4
1236,5,12,3
1237,5,12,4
1238,5,13,4
1239,5,13,4
1240,5,13,3
1241,5,13,3
1242,5,12,4
1243,5,11,4
1244,5,13,5
1245,5,12,5
1246,5,13,4
1247,5,12,4
1248,5,12,4
1249,5,12,4
1250,5,12,4
1251,5,13,4
1252,5,13,4
1253,5,11,5
1254,5,13,4
1255,5,13,3
1256,5,13,3
1257,5,12,4
1258,5,14,3
1259,5,14,3
1260,5,12,4
1261,5,12,4
1262,5,13,3
1263,5,13,4
1264,5,13,4
1265,5,12,4
1266,5,12,4
1267,5,12,4
1268,5,13,3
1269,5,12,4
1270,5,14,3
1271,5,12,5
1272,5,12,3
1273,5,12,3
1274,5,12,4
1275,5,13,3
1276,5,14,4
1277,5,12,3
1278,5,13,3
1279,5,12,3
1280,5,13,4
1281,5,12,4
1282,5,12,5
1283,5,12,3
1284,5,13,3
1285,5,13,3
1286,5,12,4
1287,5,13,3
1288,5,13,4
1289,5,13,5
1290,5,12,4
1291,5,13,3
1292,5,13,4
1293,5,12,4
1294,5,13,3
1295,5,13,3
1296,5,13,4
1297,5,13,4
1298,5,13,3
1299,5,13,4
1300,5,13,3
1301,5,14,4
1302,5,12,3
1303,5,12,3
1304,5,13,3
1305,5,13,3
1306,5,13,4
1307,5,13,3
1308,5,11,5
1309,5,13,3
1310,5,12,3
1311,5,13,3
1312,5,13,3
1313,5,13,4
1314,5,12,3
1315,5,13,3
1316,5,12,3
1317,5,12,5
1318,5,12,2
1319,5,12,5
1320,5,13,3
1321,5,12,4
1322,5,13,4
1323,5,12,3
1324,5,12,4
1325,5,12,3
1326,5,14,3
1327,5,12,4
1328,5,13,4
1329,5,12,4
1330,5,12,3
1331,5,12,3
1332,5,15,3
1333,5,12,3
1334,5,13,4
1335,5,13,4
1336,5,11,4
1337,5,13,4
1338,5,12,4
1339,5,12,4
1340,5,12,3
1341,5,13,3
1342,5,13,4
1343,5,12,3
1344,5,13,4
1345,5,12,7
1346,5,12,4
1347,5,13,3
1348,5,14,3
1349,5,11,4
1350,5,13,4
1351,5,12,4
1352,5,12,5
1353,5,12,4
1354,5,13,3
1355,5,13,4
1356,5,13,4
1357,5,13,3
1358,5,13,3
1359,5,13,4
1360,5,12,4
1361,5,12,2
1362,5,14,3
1363,5,13,4
1364,5,13,4
1365,5,11,4
1366,5,12,3
1367,5,12,3
1368,5,12,3
1369,5,14,4
1370,5,12,3
1371,5,12,3
1372,5,13,4
1373,5,12,3
1374,5,12,3
1375,5,14,3
1376,5,12,5
1377,5,13,3
1378,5,12,3
1379,5,11,4
1380,5,12,4
1381,5,13,3
1382,5,13,3
1383,5,12,4
1384,5,13,3
1385,5,13,4
1386,5,12,4
1387,5,12,4
1388,5,13,3
1389,5,12,3
1390,5,13,3
1391,5,13,3
1392,5,14,4
1393,5,12,4
1394,5,15,4
1395,5,13,4
1396,5,12,3
1397,5,12,4
1398,5,13,5
1399,5,13,3
1400,5,14,3
1401,5,12,4
1402,5,11,5
1403,5,12,3
1404,5,12,3
1405,5,13,4
1406,5,13,3
1407,5,13,4
1408,5,13,3
1409,5,12,3
1410,5,13,3
1411,5,12,4
1412,5,14,4
1413,5,12,3
1414,5,13,3
1415,5,14,3
1416,5,13,3
1417,5,12,3
1418,5,13,2
1419,5,11,4
1420,5,12,3
1421,5,13,3
1422,5,23,4
1423,5,12,3
1424,5,14,3
1425,5,13,2
1426,5,12,3
1427,5,13,3
1428,5,12,4
1429,5,12,3
1430,5,14,3
1431,5,13,3
1432,5,12,4
1433,5,12,4
1434,5,13,3
1435,5,13,3
1436,5,12,3
1437,5,11,4
1438,5,12,4
1439,5,13,3
1440,5,12,4
1441,5,13,3
1442,5,13,4
1443,5,12,4
1444,5,12,3
1445,5,12,4
1446,5,12,3
1447,5,13,3
1448,5,12,4
1449,5,13,3
1450,5,12,4
1451,5,13,3
1452,5,12,4
1453,5,12,7
1454,5,13,3
1455,5,14,3
1456,5,11,4
1457,5,12,2
1458,5,14,4
1459,5,13,4
1460,5,12,3
1461,5,13,3
1462,5,11,4
1463,5,13,3
1464,5,14,4
1465,5,13,4
1466,5,12,5
1467,5,14,4
1468,5,13,4
1469,5,12,3
1470,5,10,5
1471,5,12,3
1472,5,13,3
1473,5,13,4
1474,5,12,4
1475,5,13,3
1476,5,13,3
1477,5,12,3
1478,5,13,3
1479,5,12,4
1480,5,13,3
1481,5,12,4
1482,5,12,3
1483,5,11,3
1484,5,14,4
1485,5,12,4
1486,5,13,3
1487,5,12,4
1488,5,13,2
1489,5,13,4
1490,5,12,4
1491,5,11,3
1492,5,15,3
1493,5,11,4
1494,5,11,4
1495,5,12,4
1496,5,10,5
1497,5,13,3
1498,5,13,4
1499,5,13,4
1500,5,12,3
1501,5,12,3
1502,5,11,4
1503,5,12,3
1504,5,12,5
1505,5,13,4
1506,5,12,5
1507,5,11,3
1508,5,11,4
1509,5,13,4
1510,5,12,4
1511,5,13,3
1512,5,12,3
1513,5,13,4
1514,5,12,3
1515,5,12,3
1516,5,12,3
1517,5,13,4
1518,5,12,4
1519,5,12,4
1520,5,12,4
1521,5,12,4
1522,5,13,4
1523,5,12,4
1524,5,12,4
1525,5,12,4
1526,5,12,4
1527,5,12,5
1528,5,12,3
1529,5,12,3
1530,5,13,3
1531,5,12,3
1532,5,12,4
1533,5,12,3
1534,5,13,4
1535,5,12,3
1536,5,12,5
1537,5,13,3
1538,5,12,3
1539,5,13,3
1540,5,13,4
1541,5,13,3
1542,5,13,3
1543,5,12,3
1544,5,12,3
1545,5,12,4
1546,5,12,2
1547,5,11,4
1548,5,13,4
1549,5,12,3
1550,5,11,4
1551,5,12,4
1552,5,11,4
1553,5,12,3
1554,5,12,5
1555,5,14,3
1556,5,13,4
1557,5,11,4
1558,5,11,4
1559,5,15,4
1560,5,15,6
1561,5,13,4
1562,5,12,3
1563,5,14,3
1564,5,11,4
1565,5,12,3
1566,5,12,5
1567,5,13,4
1568,5,12,4
1569,5,12,4
1570,5,13,3
1571,5,11,3
1572,5,13,3
1573,5,14,3
1574,5,11,4
1575,5,12,4
1576,5,13,4
1577,5,11,3
1578,5,15,4
1579,5,13,3
1580,5,12,4
1581,5,10,4
1582,5,11,4
1583,5,12,3
1584,5,12,3
1585,5,14,3
1586,5,13,4
1587,5,11,4
1588,5,12,3
1589,5,12,4
1590,5,12,3
1591,5,13,3
1592,5,11,3
1593,5,13,3
1594,5,12,3
1595,5,12,4
1596,5,12,4
1597,5,11,5
1598,5,13,5
1599,5,12,4
1600,5,12,4
1601,5,12,3
1602,5,11,4
1603,5,13,3
1604,5,14,4
1605,5,12,3
1606,5,11,4
1607,5,13,3
1608,5,12,3
1609,5,12,3
1610,5,13,4
1611,5,13,3
1612,5,13,4
1613,5,13,3
1614,5,11,5
1615,5,13,4
1616,5,13,4
1617,5,12,4
1618,5,12,4
1619,5,12,4
1620,5,15,3
1621,5,15,4
1622,5,13,4
1623,5,12,4
1624,5,11,3
1625,5,12,3
1626,5,12,3
1627,5,13,3
1628,5,12,4
1629,5,13,4
1630,5,12,4
1631,5,12,4
1632,5,12,3
1633,5,12,3
1634,5,13,3
1635,5,12,4
1636,5,14,4
1637,5,13,3
1638,5,11,5
1639,5,13,3
1640,5,13,3
1641,5,12,3
1642,5,12,3
1643,5,13,3
1644,5,13,3
1645,5,12,4
1646,5,12,4
1647,5,12,4
1648,5,13,4
1649,5,13,3
1650,5,12,3
1651,5,13,3
1652,5,12,4
1653,5,11,5
1654,5,12,3
1655,5,12,3
1656,5,13,5
1657,5,12,3
1658,5,13,4
1659,5,13,4
1660,5,11,4
1661,5,12,3
1662,5,13,4
1663,5,12,3
1664,5,13,3
1665,5,13,3
1666,5,13,3
1667,5,12,3
1668,5,13,3
1669,5,11,4
1670,5,12,4
1671,5,12,3
1672,5,12,4
1673,5,12,4
1674,5,13,3
1675,5,12,3
1676,5,12,4
1677,5,12,5
1678,5,12,5
1679,5,12,4
1680,5,12,4
1681,5,12,3
1682,5,12,3
1683,5,13,4
1684,5,13,4
1685,5,13,4
1686,5,13,4
1687,5,12,4
1688,5,13,3
1689,5,12,4
1690,5,13,3
1691,5,12,4
1692,5,12,3
1693,5,13,3
1694,5,12,4
1695,5,11,3
1696,5,13,4
1697,5,12,4
1698,5,12,4
1699,5,12,5
1700,5,11,4
1701,5,12,4
1702,5,13,3
1703,5,12,4
1704,5,12,4
1705,5,12,4
1706,5,12,4
1707,5,13,2
1708,5,13,4
1709,5,13,4
1710,5,12,3
1711,5,12,4
1712,5,12,3
1713,5,11,4
1714,5,12,3
1715,5,13,3
1716,5,13,4
1717,5,12,3
1718,5,12,3
1719,5,12,4
1720,5,12,3
1721,5,15,3
1722,5,12,4
1723,5,12,4
1724,5,12,3
1725,5,12,3
1726,5,12,4
1727,5,13,3
1728,5,14,4
1729,5,12,5
1730,5,12,4
1731,5,12,4
1732,5,12,3
1733,5,13,4
1734,5,12,4
1735,5,13,3
1736,5,12,3
1737,5,13,4
1738,5,11,5
1739,5,12,5
1740,5,12,3
1741,5,12,3
1742,5,13,4
1743,5,12,3
1744,5,12,3
1745,5,13,10
1746,5,12,8
1747,5,11,2
1748,5,13,3
1749,5,11,4
1750,5,13,4
1751,5,12,5
1752,5,12,4
1753,5,12,4
1754,5,12,4
1755,5,12,4
1756,5,11,4
1757,5,12,4
1758,5,13,3
1759,5,12,3
1760,5,12,4
1761,5,12,3
1762,5,12,4
1763,5,12,7
1764,5,13,4
1765,5,12,3
1766,5,13,3
1767,5,18,5
1768,5,12,5
1769,5,12,4
1770,5,13,3
1771,5,13,3
1772,5,13,4
1773,5,13,3
1774,5,13,4
1775,5,13,4
1776,5,13,4
1777,5,12,5
1778,5,12,3
1779,5,12,3
1780,5,12,4
1781,5,12,4
1782,5,13,3
1783,5,13,4
1784,5,12,3
1785,5,12,3
1786,5,13,4
1787,5,12,3
1788,5,13,3
1789,5,12,4
1790,5,12,4
1791,5,11,3
1792,5,12,4
1793,5,12,5
1794,5,12,4
1795,5,12,4
1796,5,12,3
1797,5,12,4
1798,5,12,5
1799,5,12,4
1800,5,12,4
1801,5,12,3
1802,5,12,4
1803,5,11,5
1804,5,12,4
1805,5,11,5
1806,5,11,4
1807,5,13,4
1808,5,12,5
1809,5,11,4
1810,5,12,4
1811,5,12,3
1812,5,12,4
1813,5,12,4
1814,5,12,3
1815,5,14,4
1816,5,12,4
1817,5,12,4
1818,5,11,5
1819,5,11,5
1820,5,12,3
1821,5,12,4
1822,5,12,3
1823,5,11,3
1824,5,13,3
1825,5,12,4
1826,5,12,4
1827,5,12,3
1828,5,13,4
1829,5,12,4
1830,5,12,3
1831,5,13,4
1832,5,13,2
1833,5,13,3
1834,5,13,3
1835,5,12,4
1836,5,12,4
1837,5,13,4
1838,5,13,3
1839,5,12,3
1840,5,12,4
1841,5,11,4
1842,5,12,4
1843,5,12,3
1844,5,13,3
1845,5,13,4
1846,5,11,4
1847,5,12,4
1848,5,12,3
1849,5,11,5
1850,5,13,4
1851,5,14,3
1852,5,12,4
1853,5,12,4
1854,5,12,3
1855,5,13,4
1856,5,11,4
1857,5,12,4
1858,5,12,3
1859,5,11,4
1860,5,11,3
1861,5,12,2
1862,5,12,4
1863,5,14,4
1864,5,13,3
1865,5,12,4
1866,5,12,4
1867,5,13,3
1868,5,11,5
1869,5,13,3
1870,5,13,3
1871,5,11,3
1872,5,12,3
1873,5,13,4
1874,5,19,5
1875,5,14,3
1876,5,12,3
1877,5,12,4
1878,5,13,3
1879,5,11,5
1880,5,12,4
1881,5,13,2
1882,5,13,4
1883,5,12,3
1884,5,12,3
1885,5,11,3
1886,5,12,3
1887,5,12,4
1888,5,13,4
1889,5,11,5
1890,5,11,5
1891,5,12,3
1892,5,12,3
1893,5,13,4
1894,5,12,3
1895,5,11,4
1896,5,12,3
1897,5,12,4
1898,5,12,4
1899,5,12,4
1900,5,14,3
1901,5,12,3
1902,5,12,3
1903,5,12,3
1904,5,12,3
1905,5,12,3
1906,5,14,4
1907,5,12,3
1908,5,13,5
1909,5,13,3
1910,5,11,4
1911,5,13,3
1912,5,13,3
1913,5,12,3
1914,5,13,3
1915,5,11,4
1916,5,12,4
1917,5,13,3
1918,5,13,4
1919,5,13,4
1920,5,12,4
1921,5,12,4
1922,5,12,4
1923,5,12,4
1924,5,13,3
1925,5,12,3
1926,5,12,3
1927,5,12,4
1928,5,12,3
1929,5,12,4
1930,5,13,4
1931,5,12,4
1932,5,11,4
1933,5,13,4
1934,5,12,4
1935,5,12,3
1936,5,12,5
1937,5,12,4
1938,5,13,4
1939,5,12,4
1940,5,12,4
1941,5,11,4
1942,5,12,4
1943,5,13,4
1944,5,12,3
1945,5,12,5
1946,5,11,4
1947,5,12,3
1948,5,11,4
1949,5,14,4
1950,5,12,3
1951,5,12,4
1952,5,11,3
1953,5,13,2
1954,5,11,4
1955,5,14,4
1956,5,11,4
1957,5,13,3
1958,5,12,4
1959,5,13,3
1960,5,12,4
1961,5,13,3
1962,5,12,3
1963,5,11,3
1964,5,12,5
1965,5,13,3
1966,5,11,4
1967,5,12,5
1968,5,12,4
1969,5,13,3
1970,5,12,4
1971,5,12,3
1972,5,12,4
1973,5,12,5
1974,5,12,3
1975,5,12,4
1976,5,12,3
1977,5,12,3
1978,5,11,4
1979,5,11,4
1980,5,12,3
1981,5,13,5
1982,5,12,5
1983,5,12,3
1984,5,12,3
1985,5,12,3
1986,5,13,2
1987,5,11,4
1988,5,12,3
1989,5,13,3
1990,5,11,4
1991,5,12,3
1992,5,13,3
1993,5,11,3
1994,5,12,4
1995,5,10,4
1996,5,12,3
1997,5,12,3
1998,5,11,5
1999,5,12,3
2000,5,13,4
2001,5,12,3
2002,5,13,3
2003,5,12,3
2004,5,13,4
2005,5,12,4
2006,5,11,5
2007,5,11,5
2008,5,11,5
2009,5,12,4
2010,5,12,5
2011,5,12,4
2012,5,13,3
2013,5,12,4
2014,5,12,3
2015,5,12,4
2016,5,12,3
2017,5,14,3
2018,5,10,5
2019,5,13,3
2020,5,12,4
2021,5,12,4
2022,5,11,4
2023,5,12,4
2024,5,12,3
2025,5,11,5
2026,5,12,4
2027,5,12,4
2028,5,13,4
2029,5,13,3
2030,5,11,3
2031,5,11,3
2032,5,12,3
2033,5,12,3
2034,5,12,4
2035,5,12,4
2036,5,12,4
2037,5,12,4
2038,5,12,7
2039,5,12,3
2040,5,12,4
2041,5,14,5
2042,5,12,4
2043,5,11,4
2044,5,13,4
2045,5,12,3
2046,5,11,4
2047,5,13,4
2048,5,13,3
2049,5,10,5
2050,5,12,3
2051,5,11,5
2052,5,11,4
2053,5,13,4
2054,5,12,3
2055,5,11,3
2056,5,11,4
2057,5,11,4
2058,5,12,5
2059,5,12,4
2060,5,12,4
2061,5,12,3
2062,5,12,4
2063,5,11,5
2064,5,11,4
2065,5,12,3
2066,5,13,3
2067,5,12,3
2068,5,11,5
2069,5,12,3
2070,5,11,4
2071,5,13,4
2072,5,13,2
2073,5,11,4
2074,5,12,4
2075,5,11,4
2076,5,12,4
2077,5,12,3
2078,5,13,4
2079,5,12,3
2080,5,13,3
2081,5,11,4
2082,5,12,4
2083,5,11,4
2084,5,13,4
2085,5,12,4
2086,5,13,4
2087,5,12,3
2088,5,12,4
2089,5,13,3
2090,5,13,4
2091,5,13,8
2092,5,13,4
2093,5,11,6
2094,5,11,3
2095,5,12,3
2096,5,13,4
2097,5,13,3
2098,5,12,3
2099,5,12,3
2100,5,13,5
2101,5,12,4
2102,5,13,4
2103,5,12,4
2104,5,12,3
2105,5,12,4
2106,5,12,4
2107,5,12,3
2108,5,12,3
2109,5,13,4
2110,5,12,4
2111,5,12,4
2112,5,11,4
2113,5,13,3
2114,5,12,4
2115,5,12,5
2116,5,12,3
2117,5,12,3
2118,5,12,4
2119,5,11,4
2120,5,11,5
2121,5,13,4
2122,5,12,4
2123,5,12,4
2124,5,13,3
2125,5,12,3
2126,5,12,4
2127,5,13,3
2128,5,12,4
2129,5,12,5
2130,5,12,5
2131,5,11,4
2132,5,12,4
2133,5,13,3
2134,5,12,3
2135,5,11,4
2136,5,12,3
2137,5,11,3
2138,5,12,4
2139,5,12,6
2140,5,13,4
2141,5,13,3
2142,5,12,3
2143,5,13,4
2144,5,13,4
2145,5,12,5
2146,5,13,4
2147,5,12,4
2148,5,12,3
2149,5,12,4
2150,5,12,21
2151,5,12,3
2152,5,12,4
2153,5,12,3
2154,5,12,3
2155,5,12,4
2156,5,13,3
2157,5,13,3
2158,5,12,3
2159,5,12,4
2160,5,11,9
2161,5,13,3
2162,5,12,5
2163,5,13,4
2164,5,11,4
2165,5,13,3
2166,5,12,4
2167,5,11,4
2168,5,11,4
2169,5,12,4
2170,5,11,4
2171,5,12,4
2172,5,12,4
2173,5,11,4
2174,5,12,2
2175,5,13,4
2176,5,12,3
2177,5,14,4
2178,5,12,4
2179,5,12,4
2180,5,12,4
2181,5,14,5
2182,5,12,4
2183,5,12,3
2184,5,11,4
2185,5,12,3
2186,5,12,3
2187,5,14,5
2188,5,12,4
2189,5,13,4
2190,5,12,3
2191,5,11,4
2192,5,12,2
2193,5,14,4
2194,5,13,3
2195,5,12,3
2196,5,12,5
2197,5,12,3
2198,5,12,4
2199,5,12,3
2200,5,14,4
2201,5,13,4
2202,5,15,3
2203,5,12,4
2204,5,12,4
2205,5,12,5
2206,5,12,4
2207,5,12,4
2208,5,12,3
2209,5,12,3
2210,5,13,3
2211,5,13,5
2212,5,13,3
2213,5,11,5
2214,5,13,3
2215,5,12,4
2216,5,12,4
2217,5,13,4
2218,5,13,2
2219,5,12,3
2220,5,10,5
2221,5,12,3
2222,5,12,3
2223,5,11,3
2224,5,13,3
2225,5,13,3
2226,5,12,3
2227,5,13,5
2228,5,12,4
2229,5,13,3
2230,5,13,4
2231,5,12,4
2232,5,12,3
2233,5,12,3
2234,5,12,3
2235,5,12,4
2236,5,12,5
2237,5,14,4
2238,5,12,4
2239,5,13,3
2240,5,12,4
2241,5,12,3
2242,5,11,4
2243,5,13,3
2244,5,12,3
2245,5,12,4
2246,5,12,5
2247,5,14,4
2248,5,12,6
2249,5,14,3
2250,5,12,4
2251,5,13,3
2252,5,12,3
2253,5,12,4
2254,5,12,4
2255,5,13,3
2256,5,13,3
2257,5,13,3
2258,5,12,4
2259,5,13,4
2260,5,13,4
2261,5,13,4
2262,5,14,4
2263,5,13,3
2264,5,13,4
2265,5,11,3
2266,5,11,4
2267,5,14,5
2268,5,12,4
2269,5,12,4
2270,5,12,4
2271,5,12,4
2272,5,12,4
2273,5,13,4
2274,5,13,3
2275,5,13,4
2276,5,12,4
2277,5,12,5
2278,5,12,3
2279,5,14,3
2280,5,12,3
2281,5,12,3
2282,5,12,4
2283,5,13,5
2284,5,13,4
2285,5,13,3
2286,5,12,4
2287,5,13,3
2288,5,11,8
2289,5,12,3
2290,5,13,4
2291,5,13,4
2292,5,12,4
2293,5,11,5
2294,5,12,3
2295,5,12,3
2296,5,15,5
2297,5,18,3
2298,5,13,4
2299,5,13,4
2300,5,13,3
2301,5,13,3
2302,5,12,4
2303,5,15,4
2304,5,13,4
2305,5,13,4
2306,5,13,5
2307,5,15,4
2308,5,12,5
2309,5,13,3
2310,5,13,4
2311,5,12,3
2312,5,13,3
2313,5,13,4
2314,5,13,3
2315,5,12,5
2316,5,12,5
2317,5,13,4
2318,5,12,3
2319,5,11,3
2320,5,13,3
2321,5,14,3
2322,5,14,4
2323,5,18,6
2324,5,13,3
2325,5,17,10
2326,5,13,3
2327,5,14,4
2328,5,12,4
2329,5,12,3
2330,5,12,3
2331,5,13,4
2332,5,13,3
2333,5,13,4
2334,5,12,4
2335,5,12,3
2336,5,11,3
2337,5,12,3
2338,5,13,4
2339,5,14,4
2340,5,12,5
2341,5,11,5
2342,5,12,4
2343,5,12,3
2344,5,13,3
2345,5,12,4
2346,5,12,3
2347,5,11,4
2348,5,12,4
2349,5,13,4
2350,5,13,4
2351,5,12,3
2352,5,12,4
2353,5,13,4
2354,5,12,4
2355,5,12,4
2356,5,13,3
2357,5,13,3
2358,5,12,5
2359,5,12,4
2360,5,13,4
2361,5,12,4
2362,5,13,3
2363,5,13,4
2364,5,13,3
2365,5,11,5
2366,5,13,4
2367,5,12,4
2368,5,14,4
2369,5,12,3
2370,5,12,4
2371,5,12,4
2372,5,12,4
2373,5,12,3
2374,5,15,4
2375,5,13,4
2376,5,12,4
2377,5,12,3
2378,5,11,3
2379,5,12,5
2380,5,13,4
2381,5,13,4
2382,5,12,3
2383,5,12,3
2384,5,12,4
2385,5,12,4
2386,5,12,4
2387,5,13,3
2388,5,12,4
2389,5,12,4
2390,5,12,3
2391,5,11,5
2392,5,12,2
2393,5,14,3
2394,5,12,4
2395,5,12,4
2396,5,14,4
2397,5,12,4
2398,5,12,3
2399,5,13,3
2400,5,12,3
2401,5,14,3
2402,5,11,5
2403,5,13,3
2404,5,12,4
2405,5,13,4
2406,5,12,3
2407,5,13,4
2408,5,12,4
2409,5,12,4
2410,5,12,3
2411,5,12,4
2412,5,14,3
2413,5,12,4
2414,5,13,3
2415,5,12,3
2416,5,12,3
2417,5,12,4
2418,5,14,3
2419,5,12,4
2420,5,13,4
2421,5,13,3
2422,5,11,5
2423,5,12,4
2424,5,14,3
2425,5,12,3
2426,5,11,4
2427,5,13,3
2428,5,13,3
2429,5,13,4
2430,5,14,3
2431,5,13,4
2432,5,13,3
2433,5,12,3
2434,5,14,4
2435,5,12,4
2436,5,14,4
2437,5,12,3
2438,5,12,4
2439,5,13,4
2440,5,12,3
2441,5,13,4
2442,5,13,3
2443,5,11,3
2444,5,11,5
2445,5,11,4
2446,5,13,4
2447,5,13,4
2448,5,13,4
2449,5,12,3
2450,5,12,3
2451,5,12,4
2452,5,12,5
2453,5,11,5
2454,5,12,4
2455,5,12,3
2456,5,11,5
2457,5,12,3
2458,5,13,4
2459,5,12,5
2460,5,11,4
2461,5,13,3
2462,5,12,5
2463,5,12,4
2464,5,12,4
2465,5,13,3
2466,5,12,4
2467,5,13,4
2468,5,13,3
2469,5,12,4
2470,5,12,3
2471,5,12,4
2472,5,13,4
2473,5,13,10
2474,5,13,3
2475,5,13,4
2476,5,12,4
2477,5,12,5
2478,5,12,4
2479,5,14,3
2480,5,11,4
2481,5,14,4
2482,5,12,3
2483,5,13,4
2484,5,13,6
2485,5,13,4
2486,5,12,3
2487,5,12,3
2488,5,11,4
2489,5,12,2
2490,5,13,4
2491,5,13,3
2492,5,13,4
2493,5,13,3
2494,5,12,4
2495,5,13,4
2496,5,13,4
2497,5,14,3
2498,5,12,3
2499,5,12,5
2500,5,12,5
2501,5,12,4
2502,5,12,4
2503,5,13,3
2504,5,12,4
2505,5,12,4
2506,5,11,3
2507,5,13,3
2508,5,13,4
2509,5,14,4
2510,5,12,4
2511,5,12,4
2512,5,13,4
2513,5,12,3
2514,5,12,4
2515,5,13,3
2516,5,12,3
2517,5,12,4
2518,5,12,3
2519,5,12,4
2520,5,12,5
2521,5,13,4
2522,5,12,5
2523,5,13,3
2524,5,12,3
2525,5,12,3
2526,5,13,3
2527,5,13,5
2528,5,12,4
2529,5,13,3
2530,5,14,3
2531,5,11,4
2532,5,11,5
2533,5,13,4
2534,5,12,4
2535,5,11,3
2536,5,12,3
2537,5,12,4
2538,5,12,3
2539,5,12,3
2540,5,14,3
2541,5,13,3
2542,5,12,3
2543,5,12,4
2544,5,12,4
2545,5,12,3
2546,5,12,4
2547,5,13,4
2548,5,13,4
2549,5,13,3
2550,5,12,4
2551,5,12,3
2552,5,13,5
2553,5,12,3
2554,5,11,3
2555,5,12,3
2556,5,13,2
2557,5,12,3
2558,5,12,5
2559,5,13,4
2560,5,13,4
2561,5,11,5
2562,5,14,3
2563,5,13,3
2564,5,12,4
2565,5,12,4
2566,5,12,4
2567,5,13,3
2568,5,13,4
2569,5,11,4
2570,5,12,4
2571,5,13,3
2572,5,12,4
2573,5,12,4
2574,5,12,3
2575,5,13,3
2576,5,12,4
2577,5,13,3
2578,5,12,4
2579,5,12,3
2580,5,14,3
2581,5,13,3
2582,5,15,4
2583,5,13,2
2584,5,12,4
2585,5,13,3
2586,5,12,4
2587,5,13,4
2588,5,13,4
2589,5,14,2
2590,5,12,3
2591,5,13,3
2592,5,12,4
2593,5,13,3
2594,5,13,3
2595,5,12,6
2596,5,13,3
2597,5,12,4
2598,5,13,4
2599,5,13,4
2600,5,12,4
2601,5,13,5
2602,5,12,4
2603,5,12,4
2604,5,13,4
2605,5,13,4
2606,5,12,4
2607,5,13,5
2608,5,13,3
2609,5,13,2
2610,5,12,4
2611,5,12,3
2612,5,12,4
2613,5,11,5
2614,5,12,4
2615,5,13,9
2616,5,12,3
2617,5,12,4
2618,5,13,3
2619,5,13,4
2620,5,12,4
2621,5,13,4
2622,5,13,4
2623,5,12,3
2624,5,11,4
2625,5,12,4
2626,5,12,4
2627,5,12,3
2628,5,12,3
2629,5,12,3
2630,5,11,3
2631,5,12,4
2632,5,14,4
2633,5,12,4
2634,5,12,3
2635,5,12,5
2636,5,12,3
2637,5,12,3
2638,5,13,4
2639,5,12,4
2640,5,12,3
2641,5,12,3
2642,5,13,4
2643,5,12,4
2644,5,13,3
2645,5,12,4
2646,5,12,5
2647,5,13,3
2648,5,12,4
2649,5,12,3
2650,5,13,5
2651,5,12,4
2652,5,13,3
2653,5,12,4
2654,5,13,4
2655,5,13,3
2656,5,13,4
2657,5,12,3
2658,5,12,4
2659,5,12,4
2660,5,12,3
2661,5,13,3
2662,5,13,5
2663,5,13,3
2664,5,12,4
2665,5,12,3
2666,5,12,4
2667,5,13,3
2668,5,13,4
2669,5,13,4
2670,5,12,4
2671,5,12,4
2672,5,11,5
2673,5,12,4
2674,5,13,4
2675,5,13,4
2676,5,12,3
2677,5,11,6
2678,5,13,3
2679,5,10,6
2680,5,13,3
2681,5,14,3
2682,5,12,3
2683,5,12,4
2684,5,12,4
2685,5,11,4
2686,5,11,4
2687,5,12,4
2688,5,12,4
2689,5,13,3
2690,5,12,3
2691,5,13,3
2692,5,13,2
2693,5,12,3
2694,5,14,4
2695,5,13,4
2696,5,13,4
2697,5,12,4
2698,5,13,5
2699,5,13,3
2700,5,15,4
2701,5,13,4
2702,5,13,4
2703,5,12,4
2704,5,13,4
2705,5,13,4
2706,5,13,4
2707,5,13,4
2708,5,13,5
2709,5,13,4
2710,5,11,4
2711,5,12,4
2712,5,13,4
2713,5,12,3
2714,5,13,4
2715,5,12,3
2716,5,12,4
2717,5,13,4
2718,5,14,4
2719,5,13,3
2720,5,11,4
2721,5,12,3
2722,5,12,5
2723,5,12,5
2724,5,12,4
2725,5,13,6
2726,5,13,4
2727,5,14,3
2728,5,11,4
2729,5,11,4
2730,5,12,4
2731,5,12,3
2732,5,12,4
2733,5,12,3
2734,5,12,5
2735,5,12,5
2736,5,13,3
2737,5,14,3
2738,5,13,4
2739,5,12,4
2740,5,12,4
2741,5,12,3
2742,5,13,3
2743,5,12,4
2744,5,13,3
2745,5,12,3
2746,5,12,4
2747,5,12,3
2748,5,13,4
2749,5,11,3
2750,5,12,3
2751,5,12,4
2752,5,12,5
2753,5,12,5
2754,5,14,4
2755,5,12,4
2756,5,12,4
2757,5,12,4
2758,5,13,4
2759,5,12,4
2760,5,12,5
2761,5,12,4
2762,5,12,4
2763,5,12,4
2764,5,12,5
2765,5,13,3
2766,5,14,4
2767,5,12,4
2768,5,11,4
2769,5,11,4
2770,5,13,4
2771,5,12,4
2772,5,12,4
2773,5,13,3
2774,5,13,3
2775,5,12,4
2776,5,13,4
2777,5,17,7
2778,5,17,3
2779,5,12,3
2780,5,13,4
2781,5,13,4
2782,5,13,4
2783,5,13,4
2784,5,14,4
2785,5,13,4
2786,5,13,5
2787,5,13,3
2788,5,11,6
2789,5,11,5
2790,5,13,3
2791,5,13,3
2792,5,12,4
2793,5,12,4
2794,5,12,3
2795,5,11,5
2796,5,12,4
2797,5,12,4
2798,5,11,5
2799,5,13,4
2800,5,12,4
2801,5,12,4
2802,5,13,4
2803,5,13,3
2804,5,12,5
2805,5,13,3
2806,5,13,3
2807,5,12,4
2808,5,13,5
2809,5,13,3
2810,5,13,3
2811,5,12,3
2812,5,13,4
2813,5,12,3
2814,5,12,3
2815,5,14,3
2816,5,11,5
2817,5,11,5
2818,5,12,4
2819,5,12,4
2820,5,12,4
2821,5,13,2
2822,5,14,4
2823,5,11,4
2824,5,12,4
2825,5,12,4
2826,5,11,4
2827,5,14,4
2828,5,13,4
2829,5,13,3
2830,5,12,3
2831,5,12,3
2832,5,12,3
2833,5,13,4
2834,5,12,4
2835,5,13,4
2836,5,13,4
2837,5,13,4
2838,5,12,4
2839,5,13,5
2840,5,12,4
2841,5,19,4
2842,5,12,4
2843,5,12,4
2844,5,12,4
2845,5,13,3
2846,5,13,3
2847,5,13,4
2848,5,12,3
2849,5,12,4
2850,5,13,3
2851,5,13,4
2852,5,13,4
2853,5,11,4
2854,5,14,4
2855,5,12,4
2856,5,11,4
2857,5,13,4
2858,5,13,3
2859,5,11,5
2860,5,13,3
2861,5,12,4
2862,5,12,4
2863,5,12,4
2864,5,13,4
2865,5,12,3
2866,5,13,4
2867,5,12,4
2868,5,12,4
2869,5,13,4
2870,5,13,4
2871,5,12,4
2872,5,12,3
2873,5,12,3
2874,5,12,4
2875,5,12,4
2876,5,13,4
2877,5,12,3
2878,5,11,4
2879,5,12,3
2880,5,12,3
2881,5,13,3
2882,5,13,4
2883,5,12,4
2884,5,13,3
2885,5,11,5
2886,5,13,5
2887,5,13,4
2888,5,13,4
2889,5,12,3
2890,5,11,4
2891,5,13,3
2892,5,12,3
2893,5,12,3
2894,5,13,4
2895,5,13,3
2896,5,12,3
2897,5,10,5
2898,5,12,4
2899,5,13,3
2900,5,16,3
2901,5,12,4
2902,5,12,4
2903,5,13,4
2904,5,13,8
2905,5,13,2
2906,5,15,3
2907,5,13,3
2908,5,12,4
2909,5,12,5
2910,5,12,5
2911,5,12,4
2912,5,13,3
2913,5,11,3
2914,5,13,4
2915,5,12,4
2916,5,12,3
2917,5,12,4
2918,5,12,3
2919,5,12,3
2920,5,13,3
2921,5,13,5
2922,5,11,4
2923,5,13,4
2924,5,12,3
2925,5,14,2
2926,5,14,3
2927,5,13,4
2928,5,12,4
2929,5,11,4
2930,5,13,3
2931,5,14,3
2932,5,13,4
2933,5,13,2
2934,5,14,4
2935,5,12,3
2936,5,12,3
2937,5,14,4
2938,5,13,3
2939,5,13,4
2940,5,13,3
2941,5,13,3
2942,5,12,4
2943,5,14,3
2944,5,12,4
2945,5,12,3
2946,5,12,4
2947,5,13,4
2948,5,13,4
2949,5,12,5
2950,5,12,4
2951,5,11,4
2952,5,13,3
2953,5,14,4
2954,5,12,4
2955,5,13,4
2956,5,13,4
2957,5,13,4
2958,5,12,4
2959,5,13,4
2960,5,13,4
2961,5,13,5
2962,5,13,4
2963,5,12,3
2964,5,13,4
2965,5,11,4
2966,5,11,5
2967,5,12,4
2968,5,12,4
2969,5,13,4
2970,5,13,4
2971,5,13,3
2972,5,12,3
2973,5,12,4
2974,5,12,4
2975,5,10,6
2976,5,12,3
2977,5,13,4
2978,5,12,3
2979,5,14,3
2980,5,14,3
2981,5,12,4
2982,5,13,4
2983,5,13,5
2984,5,13,4
2985,5,12,3
2986,5,14,3
2987,5,12,4
2988,5,13,4
2989,5,12,3
2990,5,12,4
2991,5,12,5
2992,5,12,4
2993,5,13,3
2994,5,12,3
2995,5,12,4
2996,5,12,4
2997,5,12,3
2998,5,13,3
2999,5,12,4
3000,5,13,4
3001,5,12,3
3002,5,12,4
3003,5,13,3
3004,5,12,4
3005,5,13,3
3006,5,13,3
3007,5,12,3
3008,5,12,4
3009,5,12,4
3010,5,12,5
3011,5,13,4
3012,5,12,5
3013,5,13,4
3014,5,12,4
3015,5,13,4
3016,5,13,4
3017,5,13,5
3018,5,11,4
3019,5,12,4
3020,5,13,4
3021,5,13,3
3022,5,12,3
3023,5,13,4
3024,5,14,4
3025,5,12,4
3026,5,13,9
3027,5,13,4
3028,5,12,4
3029,5,11,5
3030,5,12,4
3031,5,12,4
3032,5,12,3
3033,5,13,4
3034,5,12,4
3035,5,13,4
3036,5,12,3
3037,5,13,3
3038,5,13,4
3039,5,12,4
3040,5,13,4
3041,5,13,3
3042,5,12,3
3043,5,13,3
3044,5,12,3
3045,5,12,3
3046,5,12,3
3047,5,14,3
3048,5,13,5
3049,5,13,6
3050,5,12,3
3051,5,12,4
3052,5,13,3
3053,5,13,4
3054,5,12,4
3055,5,12,3
3056,5,14,5
3057,5,13,3
3058,5,13,4
3059,5,13,3
3060,5,12,4
3061,5,13,3
3062,5,13,3
3063,5,12,4
3064,5,12,4
3065,5,13,5
3066,5,12,4
3067,5,13,3
3068,5,12,3
3069,5,12,3
3070,5,13,4
3071,5,14,4
3072,5,12,5
3073,5,12,5
3074,5,13,4
3075,5,13,3
3076,5,12,4
3077,5,13,4
3078,5,13,3
3079,5,12,3
3080,5,12,4
3081,5,13,4
3082,5,11,5
3083,5,13,4
3084,5,12,4
3085,5,12,4
3086,5,12,3
3087,5,13,4
3088,5,12,4
3089,5,12,4
3090,5,12,4
3091,5,12,4
3092,5,12,5
3093,5,12,3
3094,5,12,3
3095,5,12,4
3096,5,13,3
3097,5,13,3
3098,5,12,4
3099,5,12,4
3100,5,13,4
3101,5,12,3
3102,5,12,3
3103,5,11,4
3104,5,12,3
3105,5,13,3
3106,5,12,4
3107,5,12,4
3108,5,14,16
3109,5,12,4
3110,5,12,4
3111,5,12,3
3112,5,12,4
3113,5,12,5
3114,5,13,4
3115,5,13,3
3116,5,13,3
3117,5,11,4
3118,5,12,3
3119,5,13,4
3120,5,12,3
3121,5,14,3
3122,5,12,3
3123,5,12,4
3124,5,12,4
3125,5,12,4
3126,5,13,3
3127,5,11,4
3128,5,13,3
3129,5,13,4
3130,5,11,6
3131,5,13,5
3132,5,14,4
3133,5,11,4
3134,5,12,4
3135,5,12,5
3136,5,12,3
3137,5,13,4
3138,5,13,5
3139,5,12,3
3140,5,11,5
3141,5,12,4
3142,5,12,4
3143,5,12,4
3144,5,13,4
3145,5,11,3
3146,5,12,5
3147,5,12,4
3148,5,12,4
3149,5,12,4
3150,5,12,3
3151,5,12,3
3152,5,12,4
3153,5,12,3
3154,5,13,3
3155,5,12,4
3156,5,13,4
3157,5,12,4
3158,5,13,3
3159,5,11,3
3160,5,12,3
3161,5,11,5
3162,5,13,4
3163,5,11,5
3164,5,12,4
3165,5,12,4
3166,5,11,5
3167,5,13,4
3168,5,12,4
3169,5,13,3
3170,5,11,4
3171,5,11,4
3172,5,12,3
3173,5,11,3
3174,5,13,4
3175,5,13,5
3176,5,12,4
3177,5,13,5
3178,5,13,4
3179,5,12,4
3180,5,12,3
3181,5,12,5
3182,5,12,3
3183,5,13,4
3184,5,11,6
3185,5,12,3
3186,5,11,3
3187,5,12,3
3188,5,12,3
3189,5,12,4
3190,5,12,4
3191,5,12,4
3192,5,13,4
3193,5,14,8
3194,5,11,4
3195,5,13,3
3196,5,12,4
3197,5,11,4
3198,5,13,4
3199,5,14,4
3200,5,12,4
3201,5,12,4
3202,5,12,4
3203,5,13,4
3204,5,12,4
3205,5,13,4
3206,5,12,4
3207,5,11,5
3208,5,11,5
3209,5,13,4
3210,5,12,3
3211,5,13,3
3212,5,12,4
3213,5,12,5
3214,5,13,3
3215,5,11,5
3216,5,11,4
3217,5,13,3
3218,5,12,3
3219,5,13,4
3220,5,12,3
3221,5,13,3
3222,5,12,3
3223,5,12,4
3224,5,17,5
3225,5,15,3
3226,5,12,4
3227,5,13,4
3228,5,12,4
3229,5,15,4
3230,5,12,3
3231,5,13,4
3232,5,12,4
3233,5,12,3
3234,5,12,3
3235,5,13,5
3236,5,12,3
3237,5,13,4
3238,5,13,4
3239,5,12,4
3240,5,13,3
3241,5,13,4
3242,5,12,3
3243,5,12,4
3244,5,11,4
3245,5,12,3
3246,5,13,3
3247,5,13,5
3248,5,12,4
3249,5,12,3
3250,5,13,3
3251,5,12,4
3252,5,12,4
3253,5,13,4
3254,5,14,3
3255,5,12,4
3256,5,12,4
3257,5,12,4
3258,5,13,4
3259,5,13,4
3260,5,13,3
3261,5,12,4
3262,5,12,4
3263,5,12,3
3264,5,13,4
3265,5,13,3
3266,5,13,3
3267,5,13,4
3268,5,13,3
3269,5,12,3
3270,5,13,4
3271,5,12,4
3272,5,12,6
3273,5,13,4
3274,5,12,4
3275,5,12,4
3276,5,13,4
3277,5,12,6
3278,5,12,6
3279,5,13,4
3280,5,11,4
3281,5,12,4
3282,5,11,4
3283,5,13,3
3284,5,13,4
3285,5,12,4
3286,5,12,5
3287,5,11,5
3288,5,13,4
3289,5,12,3
3290,5,12,5
3291,5,12,3
3292,5,12,4
3293,5,13,4
3294,5,12,4
3295,5,13,4
3296,5,13,4
3297,5,12,4
3298,5,12,3
3299,5,12,3
3300,5,12,4
3301,5,12,3
3302,5,11,4
3303,5,13,4
3304,5,12,4
3305,5,13,6
3306,5,17,3
3307,5,12,3
3308,5,13,6
3309,5,13,4
3310,5,12,5
3311,5,12,3
3312,5,12,3
3313,5,12,3
3314,5,13,4
3315,5,11,4
3316,5,12,5
3317,5,13,4
3318,5,13,4
3319,5,13,3
3320,5,14,4
3321,5,12,4
3322,5,12,5
3323,5,12,5
3324,5,12,4
3325,5,13,3
3326,5,16,3
3327,5,12,4
3328,5,12,3
3329,5,13,4
3330,5,13,3
3331,5,10,6
3332,5,12,5
3333,5,12,4
3334,5,11,4
3335,5,12,4
3336,5,12,3
3337,5,12,3
3338,5,12,4
3339,5,15,3
3340,5,12,4
3341,5,13,5
3342,5,12,5
3343,5,13,4
3344,5,13,4
3345,5,13,4
3346,5,12,3
3347,5,13,4
3348,5,13,5
3349,5,11,6
3350,5,13,8
3351,5,12,4
3352,5,12,4
3353,5,12,4
3354,5,11,4
3355,5,13,7
3356,5,14,4
3357,5,12,3
3358,5,12,4
3359,5,10,4
3360,5,12,4
3361,5,12,5
3362,5,13,6
3363,5,15,4
3364,5,12,3
3365,5,12,4
3366,5,13,3
3367,5,13,5
3368,5,12,5
3369,5,13,3
3370,5,12,3
3371,5,12,4
3372,5,12,4
3373,5,12,3
3374,5,13,3
3375,5,13,4
3376,5,13,4
3377,5,12,3
3378,5,11,5
3379,5,12,3
3380,5,13,4
3381,5,13,3
3382,5,13,4
3383,5,12,4
3384,5,13,4
3385,5,12,4
3386,5,11,5
3387,5,14,4
3388,5,13,2
3389,5,12,4
3390,5,13,4
3391,5,12,3
3392,5,11,4
3393,5,13,4
3394,5,11,5
3395,5,11,4
3396,5,12,4
3397,5,12,3
3398,5,12,3
3399,5,13,3
3400,5,12,3
3401,5,13,3
3402,5,11,9
3403,5,13,5
3404,5,12,4
3405,5,15,3
3406,5,12,4
3407,5,12,4
3408,5,12,3
3409,5,12,5
3410,5,11,5
3411,5,14,4
3412,5,13,4
3413,5,14,3
3414,5,12,3
3415,5,12,3
3416,5,12,4
3417,5,13,3
3418,5,12,4
3419,5,12,4
3420,5,13,4
3421,5,13,3
3422,5,12,5
3423,5,12,4
3424,5,14,3
3425,5,12,6
3426,5,13,3
3427,5,13,4
3428,5,13,3
3429,5,14,4
3430,5,11,5
3431,5,12,3
3432,5,12,5
3433,5,13,4
3434,5,11,6
3435,5,13,4
3436,5,12,3
3437,5,12,3
3438,5,12,4
3439,5,12,3
3440,5,12,4
3441,5,12,4
3442,5,13,3
3443,5,12,3
3444,5,13,4
3445,5,12,3
3446,5,13,3
3447,5,12,5
3448,5,13,4
3449,5,13,3
3450,5,12,4
3451,5,12,4
3452,5,11,3
3453,5,14,5
3454,5,13,4
3455,5,11,4
3456,5,12,3
3457,5,13,4
3458,5,11,3
3459,5,12,3
3460,5,14,4
3461,5,13,4
3462,5,12,4
3463,5,12,3
3464,5,12,4
3465,5,11,4
3466,5,13,3
3467,5,13,3
3468,5,13,5
3469,5,13,5
3470,5,12,4
3471,5,12,4
3472,5,14,3
3473,5,12,4
3474,5,12,2
3475,5,11,4
3476,5,12,4
3477,5,12,3
3478,5,13,4
3479,5,13,4
3480,5,12,7
3481,5,12,4
3482,5,12,3
3483,5,13,4
3484,5,12,5
3485,5,13,4
3486,5,11,4
3487,5,13,4
3488,5,12,3
3489,5,12,3
3490,5,14,3
3491,5,13,4
3492,5,12,4
3493,5,13,3
3494,5,11,5
3495,5,12,4
3496,5,13,4
3497,5,12,3
3498,5,13,4
3499,5,12,4
3500,5,12,4
3501,5,12,5
3502,5,14,4
3503,5,12,3
3504,5,12,4
3505,5,12,4
3506,5,13,3
3507,5,12,3
3508,5,12,3
3509,5,13,4
3510,5,11,6
3511,5,13,3
3512,5,12,4
3513,5,11,5
3514,5,12,4
3515,5,13,3
3516,5,12,4
3517,5,13,3
3518,5,12,4
3519,5,13,4
3520,5,11,5
3521,5,15,4
3522,5,13,3
3523,5,13,2
3524,5,13,3
3525,5,13,3
3526,5,12,3
3527,5,14,4
3528,5,12,5
3529,5,12,4
3530,5,12,4
3531,5,12,3
3532,5,12,3
3533,5,12,4
3534,5,12,3
3535,5,12,4
3536,5,13,5
3537,5,12,3
3538,5,12,2
3539,5,12,5
3540,5,12,4
3541,5,12,4
3542,5,12,4
3543,5,12,4
3544,5,12,4
3545,5,11,4
3546,5,14,3
3547,5,12,4
3548,5,13,4
3549,5,12,3
3550,5,12,4
3551,5,12,5
3552,5,13,4
3553,5,12,4
3554,5,11,5
3555,5,12,5
3556,5,12,3
3557,5,13,4
3558,5,14,4
3559,5,13,3
3560,5,11,4
3561,5,13,4
3562,5,12,3
3563,5,12,4
3564,5,12,4
3565,5,12,4
3566,5,13,3
3567,5,11,4
3568,5,13,3
3569,5,12,4
3570,5,13,3
3571,5,13,4
3572,5,12,4
3573,5,12,3
3574,5,12,4
3575,5,13,4
3576,5,12,4
3577,5,13,4
3578,5,13,4
3579,5,12,4
3580,5,12,4
3581,5,13,4
3582,5,13,4
3583,5,13,4
3584,5,12,4
3585,5,12,6
3586,5,13,3
3587,5,13,4
3588,5,12,5
3589,5,13,3
3590,5,12,5
3591,5,12,4
3592,5,12,4
3593,5,12,4
3594,5,13,4
3595,5,13,4
3596,5,12,3
3597,5,13,4
3598,5,12,3
3599,5,12,5
3600,5,13,4
3601,5,13,4
3602,5,13,4
3603,5,13,4
3604,5,12,3
3605,5,12,3
3606,5,13,5
3607,5,13,3
3608,5,14,5
3609,5,12,4
3610,5,12,4
3611,5,12,3
3612,5,13,5
3613,5,13,3
3614,5,12,3
3615,5,11,5
3616,5,12,3
3617,5,12,4
3618,5,12,5
3619,5,14,4
3620,5,13,3
3621,5,12,3
3622,5,12,4
3623,5,12,4
3624,5,13,5
3625,5,13,4
3626,5,13,5
3627,5,19,5
3628,5,13,4
3629,5,13,4
3630,5,13,4
3631,5,13,4
3632,5,13,3
3633,5,12,3
3634,5,13,3
3635,5,12,4
3636,5,12,6
3637,5,13,4
3638,5,12,3
3639,5,13,4
3640,5,12,4
3641,5,12,4
3642,5,13,4
3643,5,12,4
3644,5,12,4
3645,5,12,5
3646,5,13,3
3647,5,12,3
3648,5,12,4
3649,5,13,3
3650,5,11,3
3651,5,12,4
3652,5,12,3
3653,5,12,4
3654,5,11,5
3655,5,12,5
3656,5,13,4
3657,5,12,3
3658,5,12,4
3659,5,12,3
3660,5,11,4
3661,5,14,5
3662,5,12,3
3663,5,12,4
3664,5,13,3
3665,5,13,3
3666,5,12,4
3667,5,14,4
3668,5,11,5
3669,5,13,4
3670,5,12,4
3671,5,13,3
3672,5,13,3
3673,5,14,3
3674,5,11,4
3675,5,12,4
3676,5,12,4
3677,5,13,3
3678,5,12,4
3679,5,15,3
3680,5,13,3
3681,5,12,3
3682,5,12,3
3683,5,12,4
3684,5,11,4
3685,5,11,5
3686,5,12,4
3687,5,12,4
3688,5,13,4
3689,5,12,4
3690,5,11,4
3691,5,12,4
3692,5,13,3
3693,5,13,4
3694,5,12,3
3695,5,11,4
3696,5,12,3
3697,5,12,5
3698,5,13,3
3699,5,12,4
3700,5,12,4
3701,5,12,4
3702,5,12,3
3703,5,12,4
3704,5,13,3
3705,5,12,4
3706,5,11,5
3707,5,13,4
3708,5,11,4
3709,5,13,4
3710,5,12,4
3711,5,14,4
3712,5,12,4
3713,5,12,5
3714,5,14,4
3715,5,13,3
3716,5,15,3
3717,5,12,3
3718,5,12,4
3719,5,13,5
3720,5,12,4
3721,5,13,9
3722,5,12,4
3723,5,12,6
3724,5,12,5
3725,5,12,4
3726,5,11,3
3727,5,12,4
3728,5,12,3
3729,5,11,5
3730,5,12,4
3731,5,13,4
3732,5,12,4
3733,5,12,5
3734,5,12,4
3735,5,12,5
3736,5,13,3
3737,5,12,4
3738,5,12,4
3739,5,13,2
3740,5,13,4
3741,5,11,4
3742,5,12,3
3743,5,12,3
3744,5,11,4
3745,5,13,3
3746,5,12,4
3747,5,12,3
3748,5,11,4
3749,5,11,4
3750,5,12,4
3751,5,13,4
3752,5,13,3
3753,5,15,3
3754,5,13,3
3755,5,13,3
3756,5,12,4
3757,5,13,3
3758,5,12,4
3759,5,14,3
3760,5,13,2
3761,5,14,3
3762,5,12,3
3763,5,12,4
3764,5,11,2
3765,5,14,3
3766,5,12,3
3767,5,12,2
3768,5,11,4
3769,5,13,9
3770,5,11,4
3771,5,12,4
3772,5,11,3
3773,5,13,3
3774,5,14,4
3775,5,13,3
3776,5,12,3
3777,5,14,3
3778,5,11,5
3779,5,12,4
3780,5,12,3
3781,5,12,4
3782,5,12,3
3783,5,14,4
3784,5,13,2
3785,5,11,4
3786,5,13,2
3787,5,13,3
3788,5,11,4
3789,5,11,3
3790,5,12,3
3791,5,12,4
3792,5,13,4
3793,5,14,3
3794,5,13,3
3795,5,12,3
3796,5,13,4
3797,5,12,4
3798,5,14,3
3799,5,11,4
3800,5,12,3
3801,5,14,3
3802,5,13,2
3803,5,12,5
3804,5,13,3
3805,5,12,4
3806,5,13,4
3807,5,12,4
3808,5,12,4
3809,5,12,3
3810,5,13,3
3811,5,11,5
3812,5,12,3
3813,5,13,4
3814,5,14,4
3815,5,12,2
3816,5,12,5
3817,5,12,4
3818,5,12,3
3819,5,13,3
3820,5,14,3
3821,5,12,4
3822,5,12,4
3823,5,12,4
3824,5,11,4
3825,5,13,2
3826,5,12,4
3827,5,12,3
3828,5,11,4
3829,5,12,3
3830,5,12,3
3831,5,12,3
3832,5,12,4
3833,5,13,7
3834,5,16,3
3835,5,13,3
3836,5,12,4
3837,5,13,3
3838,5,14,4
3839,5,12,4
3840,5,12,3
3841,5,12,4
3842,5,11,4
3843,5,12,2
3844,5,12,3
3845,5,13,3
3846,5,12,4
3847,5,12,4
3848,5,12,4
3849,5,11,4
3850,5,12,5
3851,5,14,5
3852,5,13,3
3853,5,12,3
3854,5,13,3
3855,5,12,3
3856,5,12,12
3857,5,13,3
3858,5,12,4
3859,5,12,4
3860,5,12,3
3861,5,12,3
3862,5,13,4
3863,5,13,4
3864,5,13,3
3865,5,12,4
3866,5,12,3
3867,5,13,2
3868,5,13,4
3869,5,14,3
3870,5,12,4
3871,5,12,3
3872,5,13,4
3873,5,12,5
3874,5,12,3
3875,5,13,4
3876,5,13,4
3877,5,11,4
3878,5,12,4
3879,5,11,6
3880,5,11,3
3881,5,12,5
3882,5,13,3
3883,5,12,3
3884,5,12,3
3885,5,13,3
3886,5,13,3
3887,5,11,3
3888,5,12,4
3889,5,12,3
3890,5,12,3
3891,5,13,3
3892,5,13,3
3893,5,12,4
3894,5,12,3
3895,5,13,3
3896,5,12,3
3897,5,12,4
3898,5,13,2
3899,5,13,3
3900,5,13,3
3901,5,13,5
3902,5,12,4
3903,5,12,4
3904,5,12,3
3905,5,13,3
3906,5,13,4
3907,5,12,4
3908,5,13,3
3909,5,12,4
3910,5,11,5
3911,5,13,5
3912,5,13,5
3913,5,11,4
3914,5,14,3
3915,5,12,4
3916,5,11,4
3917,5,12,3
3918,5,11,6
3919,5,12,2
3920,5,14,2
3921,5,13,4
3922,5,12,4
3923,5,13,3
3924,5,13,3
3925,5,13,3
3926,5,12,3
3927,5,12,4
3928,5,12,4
3929,5,13,3
3930,5,12,4
3931,5,14,3
3932,5,12,7
3933,5,13,3
3934,5,15,4
3935,5,12,3
3936,5,11,4
3937,5,13,4
3938,5,13,3
3939,5,12,3
3940,5,12,3
3941,5,10,4
3942,5,13,4
3943,5,14,3
3944,5,13,4
3945,5,13,3
3946,5,12,2
3947,5,12,3
3948,5,11,4
3949,5,13,3
3950,5,13,4
3951,5,13,4
3952,5,11,4
3953,5,11,3
3954,5,12,3
3955,5,12,4
3956,5,13,3
3957,5,13,3
3958,5,12,4
3959,5,12,3
3960,5,14,3
3961,5,12,4
3962,5,15,4
3963,5,12,3
3964,5,14,3
3965,5,13,3
3966,5,12,2
3967,5,12,3
3968,5,14,3
3969,5,12,3
3970,5,13,3
3971,5,12,3
3972,5,12,2
3973,5,12,3
3974,5,13,4
3975,5,12,4
3976,5,12,3
3977,5,11,4
3978,5,13,3
3979,5,13,3
3980,5,12,3
3981,5,15,3
3982,5,13,4
3983,5,13,4
3984,5,12,3
3985,5,12,3
3986,5,12,4
3987,5,13,4
3988,5,12,3
3989,5,14,4
3990,5,12,4
3991,5,12,3
3992,5,12,3
3993,5,13,3
3994,5,12,4
3995,5,12,4
3996,5,11,5
3997,5,12,4
3998,5,12,3
3999,5,12,3
4000,5,13,2
4001,5,12,3
4002,5,12,3
4003,5,12,3
4004,5,13,3
4005,5,12,3
4006,5,14,4
4007,5,12,3
4008,5,12,4
4009,5,12,4
4010,5,12,4
4011,5,12,3
4012,5,12,4
4013,5,12,2
4014,5,13,3
4015,5,12,4
4016,5,12,3
4017,5,13,3
4018,5,11,5
4019,5,12,4
4020,5,12,4
4021,5,11,5
4022,5,13,3
4023,5,12,4
4024,5,11,4
4025,5,13,3
4026,5,13,3
4027,5,13,3
4028,5,12,4
4029,5,12,3
4030,5,13,3
4031,5,12,5
4032,5,12,3
4033,5,14,4
4034,5,13,3
4035,5,12,3
4036,5,12,4
4037,5,14,2
4038,5,12,4
4039,5,11,5
4040,5,12,4
4041,5,12,4
4042,5,13,3
4043,5,14,3
4044,5,12,3
4045,5,13,3
4046,5,10,5
4047,5,12,4
4048,5,12,3
4049,5,12,5
4050,5,13,3
4051,5,13,4
4052,5,13,3
4053,5,12,2
4054,5,12,4
4055,5,12,4
4056,5,13,4
4057,5,12,4
4058,5,11,4
4059,5,12,4
4060,5,11,4
4061,5,11,5
4062,5,13,8
4063,5,12,3
4064,5,12,3
4065,5,12,3
4066,5,13,3
4067,5,12,3
4068,5,13,3
4069,5,12,26
4070,5,11,2
4071,5,12,3
4072,5,12,4
4073,5,13,3
4074,5,12,3
4075,5,11,4
4076,5,18,5
4077,5,13,4
4078,5,13,3
4079,5,14,3
4080,5,14,3
4081,5,12,5
4082,5,12,4
4083,5,12,3
4084,5,12,4
4085,5,14,3
4086,5,12,3
4087,5,12,4
4088,5,12,4
4089,5,12,3
4090,5,13,4
4091,5,13,4
4092,5,12,4
4093,5,12,4
4094,5,12,3
4095,5,12,4
4096,5,13,3
4097,5,14,4
4098,5,13,3
4099,5,13,4
4100,5,13,3
4101,5,13,4
4102,5,12,4
4103,5,13,4
4104,5,13,3
4105,5,13,3
4106,5,13,4
4107,5,13,4
4108,5,13,4
4109,5,14,3
4110,5,13,4
4111,5,13,3
4112,5,13,3
4113,5,12,3
4114,5,13,3
4115,5,12,4
4116,5,14,2
4117,5,14,3
4118,5,13,3
4119,5,13,3
4120,5,13,4
4121,5,13,4
4122,5,14,2
4123,5,13,3
4124,5,12,3
4125,5,13,3
4126,5,13,3
4127,5,13,4
4128,5,13,3
4129,5,12,4
4130,5,13,4
4131,5,12,4
4132,5,12,3
4133,5,12,3
4134,5,12,4
4135,5,13,3
4136,5,12,4
4137,5,10,5
4138,5,13,3
4139,5,12,4
4140,5,13,3
4141,5,12,5
4142,5,12,2
4143,5,12,3
4144,5,12,3
4145,5,12,2
4146,5,14,3
4147,5,13,3
4148,5,12,3
4149,5,12,3
4150,5,12,3
4151,5,11,5
4152,5,13,3
4153,5,13,3
4154,5,12,3
4155,5,13,4
4156,5,11,4
4157,5,12,3
4158,5,12,3
4159,5,12,4
4160,5,12,4
4161,5,12,3
4162,5,13,4
4163,5,12,3
4164,5,12,3
4165,5,13,3
4166,5,12,3
4167,5,13,4
4168,5,11,4
4169,5,11,4
4170,5,13,2
4171,5,13,4
4172,5,12,4
4173,5,13,3
4174,5,13,3
4175,5,12,3
4176,5,11,3
4177,5,12,3
4178,5,13,3
4179,5,13,3
4180,5,13,2
4181,5,13,3
4182,5,13,5
4183,5,12,3
4184,5,13,4
4185,5,11,4
4186,5,12,2
4187,5,11,4
4188,5,11,4
4189,5,12,3
4190,5,14,4
4191,5,13,3
4192,5,11,5
4193,5,12,4
4194,5,12,4
4195,5,12,3
4196,5,13,4
4197,5,12,3
4198,5,13,3
4199,5,11,4
4200,5,12,3
4201,5,12,2
4202,5,13,4
4203,5,13,4
4204,5,10,5
4205,5,13,3
4206,5,12,4
4207,5,12,2
4208,5,11,3
4209,5,12,4
4210,5,12,4
4211,5,12,4
4212,5,12,4
4213,5,12,2
4214,5,12,3
4215,5,12,4
4216,5,12,4
4217,5,13,6
4218,5,14,3
4219,5,13,3
4220,5,13,3
4221,5,14,5
4222,5,12,3
4223,5,13,4
4224,5,12,3
4225,5,12,4
4226,5,13,3
4227,5,12,4
4228,5,13,3
4229,5,12,3
4230,5,12,3
4231,5,11,3
4232,5,11,3
4233,5,10,5
4234,5,13,4
4235,5,12,4
4236,5,12,3
4237,5,12,3
4238,5,12,3
4239,5,12,4
4240,5,13,3
4241,5,10,5
4242,5,12,3
4243,5,12,3
4244,5,12,2
4245,5,14,3
4246,5,13,4
4247,5,12,4
4248,5,12,3
4249,5,12,4
4250,5,12,3
4251,5,12,3
4252,5,14,4
4253,5,12,4
4254,5,12,3
4255,5,13,4
4256,5,12,4
4257,5,13,4
4258,5,13,3
4259,5,13,4
4260,5,11,3
4261,5,13,3
4262,5,12,2
4263,5,11,4
4264,5,12,3
4265,5,13,3
4266,5,12,3
4267,5,13,3
4268,5,12,4
4269,5,12,3
4270,5,12,4
4271,5,12,4
4272,5,13,3
4273,5,13,3
4274,5,13,4
4275,5,11,5
4276,5,12,4
4277,5,12,3
4278,5,13,3
4279,5,12,4
4280,5,12,4
4281,5,12,4
4282,5,13,3
4283,5,13,3
4284,5,12,4
4285,5,12,3
4286,5,12,3
4287,5,13,3
4288,5,12,3
4289,5,12,4
4290,5,13,2
4291,5,11,5
4292,5,12,4
4293,5,12,3
4294,5,12,4
4295,5,12,3
4296,5,13,4
4297,5,13,3
4298,5,11,4
4299,5,12,3
4300,5,12,4
4301,5,12,3
4302,5,11,4
4303,5,13,4
4304,5,11,5
4305,5,13,4
4306,5,13,3
4307,5,12,3
4308,5,12,4
4309,5,13,3
4310,5,12,4
4311,5,13,2
4312,5,12,3
4313,5,13,4
4314,5,12,3
4315,5,15,4
4316,5,12,5
4317,5,11,4
4318,5,11,4
4319,5,12,4
4320,5,12,3
4321,5,12,4
4322,5,12,3
4323,5,12,4
4324,5,13,3
4325,5,11,4
4326,5,12,4
4327,5,13,5
4328,5,13,3
4329,5,12,3
4330,5,11,5
4331,5,12,3
4332,5,11,5
4333,5,11,5
4334,5,13,4
4335,5,13,4
4336,5,12,3
4337,5,13,3
4338,5,11,3
4339,5,12,4
4340,5,15,3
4341,5,11,5
4342,5,13,2
4343,5,11,4
4344,5,12,4
4345,5,11,4
4346,5,14,2
4347,5,14,4
4348,5,12,4
4349,5,13,4
4350,5,12,3
4351,5,13,3
4352,5,13,4
4353,5,12,3
4354,5,12,3
4355,5,12,7
4356,5,11,4
4357,5,12,5
4358,5,12,4
4359,5,11,4
4360,5,12,4
4361,5,11,4
4362,5,11,4
4363,5,13,4
4364,5,13,4
4365,5,13,3
4366,5,13,4
4367,5,13,4
4368,5,13,3
4369,5,12,4
4370,5,13,4
4371,5,13,2
4372,5,14,3
4373,5,11,5
4374,5,11,4
4375,5,19,5
4376,5,13,4
4377,5,12,4
4378,5,13,3
4379,5,12,3
4380,5,12,4
4381,5,13,3
4382,5,12,4
4383,5,13,3
4384,5,13,4
4385,5,14,3
4386,5,12,4
4387,5,12,3
4388,5,12,5
4389,5,13,3
4390,5,12,4
4391,5,13,3
4392,5,11,4
4393,5,12,3
4394,5,12,4
4395,5,14,4
4396,5,12,4
4397,5,12,3
4398,5,12,4
4399,5,12,3
4400,5,12,3
4401,5,13,3
4402,5,12,3
4403,5,11,5
4404,5,13,5
4405,5,11,4
4406,5,12,4
4407,5,14,3
4408,5,13,3
4409,5,12,3
4410,5,12,3
4411,5,12,5
4412,5,11,5
4413,5,12,4
4414,5,13,3
4415,5,13,4
4416,5,12,4
4417,5,12,4
4418,5,12,3
4419,5,12,4
4420,5,12,4
4421,5,12,3
4422,5,12,3
4423,5,12,4
4424,5,14,3
4425,5,11,5
4426,5,14,4
4427,5,13,3
4428,5,12,4
4429,5,13,3
4430,5,12,4
4431,5,12,3
4432,5,14,3
4433,5,12,5
4434,5,12,4
4435,5,12,3
4436,5,12,4
4437,5,13,2
4438,5,13,4
4439,5,13,3
4440,5,13,3
4441,5,12,3
4442,5,12,3
4443,5,13,3
4444,5,13,4
4445,5,13,4
4446,5,14,3
4447,5,13,3
4448,5,12,4
4449,5,12,3
4450,5,12,3
4451,5,12,5
4452,5,12,4
4453,5,11,5
4454,5,13,4
4455,5,11,5
4456,5,13,2
4457,5,14,2
4458,5,14,3
4459,5,12,4
4460,5,13,3
4461,5,13,3
4462,5,12,3
4463,5,14,4
4464,5,12,4
4465,5,12,4
4466,5,12,4
4467,5,12,3
4468,5,13,2
4469,5,13,5
4470,5,13,3
4471,5,13,4
4472,5,12,5
4473,5,12,3
4474,5,13,3
4475,5,13,3
4476,5,13,3
4477,5,12,3
4478,5,12,3
4479,5,12,3
4480,5,13,3
4481,5,13,4
4482,5,13,4
4483,5,13,3
4484,5,12,4
4485,5,12,3
4486,5,11,3
4487,5,13,4
4488,5,14,3
4489,5,12,3
4490,5,12,4
4491,5,13,4
4492,5,11,5
4493,5,14,4
4494,5,13,4
4495,5,12,4
4496,5,13,3
4497,5,13,3
4498,5,11,5
4499,5,13,3
4500,5,12,5
4501,5,13,4
4502,5,12,3
4503,5,13,3
4504,5,13,4
4505,5,13,3
4506,5,12,3
4507,5,13,4
4508,5,12,3
4509,5,13,3
4510,5,13,6
4511,5,12,4
4512,5,12,3
4513,5,12,2
4514,5,13,3
4515,5,13,3
4516,5,13,4
4517,5,12,4
4518,5,12,4
4519,5,15,4
4520,5,15,4
4521,5,13,2
4522,5,14,5
4523,5,13,4
4524,5,12,4
4525,5,14,3
4526,5,11,4
4527,5,12,4
4528,5,20,5
4529,5,13,3
4530,5,14,4
4531,5,12,4
4532,5,12,4
4533,5,12,4
4534,5,13,4
4535,5,12,5
4536,5,13,4
4537,5,12,3
4538,5,11,5
4539,5,13,4
4540,5,11,4
4541,5,14,4
4542,5,13,4
4543,5,13,4
4544,5,11,3
4545,5,12,3
4546,5,12,4
4547,5,12,2
4548,5,14,3
4549,5,12,5
4550,5,13,4
4551,5,12,4
4552,5,13,3
4553,5,12,3
4554,5,11,4
4555,5,13,4
4556,5,13,3
4557,5,12,4
4558,5,13,3
4559,5,12,2
4560,5,12,4
4561,5,13,2
4562,5,13,4
4563,5,12,4
4564,5,11,5
4565,5,12,3
4566,5,12,3
4567,5,12,4
4568,5,13,3
4569,5,13,3
4570,5,13,3
4571,5,14,4
4572,5,13,3
4573,5,13,4
4574,5,12,4
4575,5,12,4
4576,5,13,6
4577,5,12,3
4578,5,12,4
4579,5,13,4
4580,5,13,4
4581,5,12,3
4582,5,14,3
4583,5,13,3
4584,5,12,4
4585,5,13,5
4586,5,13,5
4587,5,12,2
4588,5,13,4
4589,5,12,3
4590,5,12,3
4591,5,12,4
4592,5,12,5
4593,5,11,3
4594,5,13,3
4595,5,11,5
4596,5,12,3
4597,5,11,4
4598,5,13,3
4599,5,13,3
4600,5,13,3
4601,5,13,3
4602,5,12,3
4603,5,12,3
4604,5,13,4
4605,5,13,4
4606,5,12,5
4607,5,13,3
4608,5,13,3
4609,5,12,4
4610,5,13,2
4611,5,14,3
4612,5,12,4
4613,5,12,3
4614,5,12,3
4615,5,11,5
4616,5,13,4
4617,5,13,3
4618,5,13,4
4619,5,11,4
4620,5,12,4
4621,5,11,4
4622,5,11,5
4623,5,12,4
4624,5,12,2
4625,5,13,3
4626,5,12,4
4627,5,12,4
4628,5,12,4
4629,5,13,4
4630,5,12,3
4631,5,12,3
4632,5,11,4
4633,5,12,3
4634,5,11,4
4635,5,14,3
4636,5,14,3
4637,5,13,4
4638,5,13,3
4639,5,12,4
4640,5,12,4
4641,5,12,4
4642,5,13,3
4643,5,13,4
4644,5,12,4
4645,5,12,4
4646,5,12,8
4647,5,13,3
4648,5,12,2
4649,5,13,4
4650,5,13,4
4651,5,12,4
4652,5,11,4
4653,5,13,4
4654,5,12,3
4655,5,13,3
4656,5,12,3
4657,5,12,4
4658,5,12,4
4659,5,13,3
4660,5,11,5
4661,5,13,3
4662,5,12,5
4663,5,13,3
4664,5,12,3
4665,5,12,4
4666,5,12,4
4667,5,13,3
4668,5,12,4
4669,5,13,3
4670,5,13,3
4671,5,12,3
4672,5,14,4
4673,5,12,3
4674,5,14,3
4675,5,12,3
4676,5,13,3
4677,5,12,3
4678,5,13,3
4679,5,12,3
4680,5,13,3
4681,5,13,3
4682,5,12,4
4683,5,12,4
4684,5,14,4
4685,5,12,4
4686,5,12,4
4687,5,13,2
4688,5,14,3
4689,5,12,4
4690,5,15,4
4691,5,11,4
4692,5,13,4
4693,5,13,3
4694,5,12,4
4695,5,12,3
4696,5,12,4
4697,5,12,3
4698,5,13,3
4699,5,14,4
4700,5,13,4
4701,5,13,5
4702,5,13,4
4703,5,12,3
4704,5,12,3
4705,5,12,3
4706,5,12,4
4707,5,12,4
4708,5,12,4
4709,5,14,4
4710,5,13,3
4711,5,12,4
4712,5,11,3
4713,5,13,4
4714,5,11,4
4715,5,13,3
4716,5,13,3
4717,5,13,3
4718,5,14,4
4719,5,12,3
4720,5,12,4
4721,5,14,4
4722,5,13,4
4723,5,12,4
4724,5,12,4
4725,5,11,4
4726,5,12,3
4727,5,14,3
4728,5,13,4
4729,5,12,3
4730,5,13,4
4731,5,11,5
4732,5,12,3
4733,5,13,5
4734,5,13,4
4735,5,12,4
4736,5,12,3
4737,5,13,4
4738,5,12,3
4739,5,11,5
4740,5,13,2
4741,5,12,3
4742,5,12,4
4743,5,13,3
4744,5,13,3
4745,5,13,4
4746,5,13,3
4747,5,13,4
4748,5,12,4
4749,5,12,4
4750,5,13,3
4751,5,12,3
4752,5,12,3
4753,5,12,3
4754,5,12,3
4755,5,12,4
4756,5,13,3
4757,5,13,3
4758,5,14,3
4759,5,12,5
4760,5,13,3
4761,5,14,4
4762,5,13,3
4763,5,12,3
4764,5,13,4
4765,5,14,3
4766,5,12,4
4767,5,13,3
4768,5,12,4
4769,5,12,3
4770,5,14,4
4771,5,12,4
4772,5,13,3
4773,5,12,4
4774,5,13,2
4775,5,13,3
4776,5,13,4
4777,5,13,4
4778,5,11,4
4779,5,12,4
4780,5,12,3
4781,5,12,4
4782,5,12,4
4783,5,13,3
4784,5,12,3
4785,5,12,3
4786,5,14,4
4787,5,12,4
4788,5,13,4
4789,5,12,4
4790,5,12,3
4791,5,12,3
4792,5,12,3
4793,5,12,4
4794,5,12,4
4795,5,12,4
4796,5,13,3
4797,5,12,3
4798,5,14,3
4799,5,12,4
4800,5,12,3
4801,5,12,5
4802,5,11,5
4803,5,12,3
4804,5,12,3
4805,5,12,4
4806,5,12,3
4807,5,12,3
4808,5,14,2
4809,5,12,3
4810,5,13,4
4811,5,12,3
4812,5,12,3
4813,5,12,4
4814,5,13,4
4815,5,12,4
4816,5,13,3
4817,5,15,3
4818,5,12,3
4819,5,12,4
4820,5,14,3
4821,5,12,4
4822,5,12,5
4823,5,12,3
4824,5,13,3
4825,5,12,3
4826,5,12,4
4827,5,13,8
4828,5,12,4
4829,5,12,4
4830,5,13,3
4831,5,11,4
4832,5,13,5
4833,5,12,4
4834,5,12,3
4835,5,13,4
4836,5,12,4
4837,5,12,3
4838,5,12,5
4839,5,13,3
4840,5,12,4
4841,5,12,4
4842,5,13,3
4843,5,13,4
4844,5,12,3
4845,5,14,4
4846,5,13,4
4847,5,12,3
4848,5,12,2
4849,5,11,4
4850,5,13,4
4851,5,13,3
4852,5,12,3
4853,5,12,3
4854,5,12,3
4855,5,13,3
4856,5,11,3
4857,5,14,4
4858,5,12,4
4859,5,12,4
4860,5,12,4
4861,5,13,4
4862,5,12,3
4863,5,13,4
4864,5,13,3
4865,5,12,3
4866,5,12,3
4867,5,13,3
4868,5,12,3
4869,5,13,4
4870,5,13,4
4871,5,10,4
4872,5,13,4
4873,5,12,4
4874,5,13,3
4875,5,14,3
4876,5,13,3
4877,5,13,3
4878,5,12,3
4879,5,13,3
4880,5,12,5
4881,5,12,3
4882,5,13,3
4883,5,13,3
4884,5,12,4
4885,5,12,3
4886,5,12,4
4887,5,11,5
4888,5,12,2
4889,5,14,3
4890,5,12,4
4891,5,11,4
4892,5,12,4
4893,5,11,5
4894,5,11,6
4895,5,12,4
4896,5,13,3
4897,5,12,4
4898,5,12,3
4899,5,12,3
4900,5,12,4
4901,5,12,4
4902,5,13,3
4903,5,11,6
4904,5,13,4
4905,5,11,4
4906,5,12,5
4907,5,13,4
4908,5,13,4
4909,5,12,3
4910,5,12,4
4911,5,12,5
4912,5,13,4
4913,5,13,4
4914,5,18,3
4915,5,13,4
4916,5,11,4
4917,5,11,4
4918,5,13,3
4919,5,14,3
4920,5,11,3
4921,5,11,5
4922,5,12,4
4923,5,12,3
4924,5,12,3
4925,5,14,3
4926,5,13,4
4927,5,11,5
4928,5,12,4
4929,5,12,4
4930,5,12,2
4931,5,13,3
4932,5,11,3
4933,5,12,2
4934,5,12,3
4935,5,13,4
4936,5,12,4
4937,5,12,3
4938,5,12,4
4939,5,12,10
4940,5,12,3
4941,5,14,3
4942,5,11,5
4943,5,14,4
4944,5,13,3
4945,5,12,3
4946,5,12,4
4947,5,12,3
4948,5,12,3
4949,5,12,4
4950,5,11,4
4951,5,12,4
4952,5,11,3
4953,5,12,4
4954,5,13,4
4955,5,13,6
4956,5,13,4
4957,5,13,3
4958,5,13,4
4959,5,12,4
4960,5,13,3
4961,5,12,4
4962,5,14,3
4963,5,12,2
4964,5,12,4
4965,5,13,3
4966,5,11,2
4967,5,12,4
4968,5,14,3
4969,5,12,3
4970,5,13,3
4971,5,12,3
4972,5,14,4
4973,5,12,5
4974,5,14,8
4975,5,18,3
4976,5,13,4
4977,5,12,4
4978,5,13,4
4979,5,13,3
4980,5,13,3
4981,5,12,2
4982,5,12,4
4983,5,12,3
4984,5,12,4
4985,5,13,2
4986,5,13,3
4987,5,12,3
4988,5,12,3
4989,5,14,3
4990,5,13,4
4991,5,12,9
4992,5,14,3
4993,5,14,3
4994,5,12,4
4995,5,12,3
4996,5,13,4
4997,5,12,4
4998,5,13,3
4999,5,12,3
5000,5,11,4
5001,5,13,3
5002,5,13,3
5003,5,12,3
5004,5,14,4
5005,5,12,3
5006,5,13,4
5007,5,12,4
5008,5,12,3
5009,5,12,4
5010,5,12,4
5011,5,12,3
5012,5,13,3
5013,5,12,4
5014,5,12,4
5015,5,13,4
5016,5,12,4
5017,5,13,4
5018,5,12,3
5019,5,12,4
5020,5,12,4
5021,5,13,5
5022,5,13,4
5023,5,13,3
5024,5,13,4
5025,5,12,4
5026,5,12,4
5027,5,13,4
5028,5,12,4
5029,5,13,3
5030,5,12,4
5031,5,13,4
5032,5,12,4
5033,5,13,3
5034,5,13,4
5035,5,20,6
5036,5,13,4
5037,5,12,3
5038,5,13,14
5039,5,14,5
5040,5,14,3
5041,5,14,4
5042,5,12,4
5043,5,13,4
5044,5,14,3
5045,5,13,5
5046,5,14,4
5047,5,11,5
5048,5,13,3
5049,5,13,3
5050,5,13,3
5051,5,13,3
5052,5,14,3
5053,5,13,3
5054,5,13,3
5055,5,14,4
5056,5,13,3
5057,5,11,4
5058,5,13,3
5059,5,13,3
5060,5,12,3
5061,5,13,3
5062,5,13,3
5063,5,12,4
5064,5,13,4
5065,5,12,4
5066,5,13,3
5067,5,12,4
5068,5,13,4
5069,5,13,3
5070,5,12,4
5071,5,12,4
5072,5,12,4
5073,5,13,3
5074,5,12,3
5075,5,12,4
5076,5,11,5
5077,5,12,5
5078,5,13,3
5079,5,13,4
5080,5,13,3
5081,5,12,2
5082,5,14,4
5083,5,13,4
5084,5,13,4
5085,5,12,4
5086,5,12,3
5087,5,12,3
5088,5,13,3
5089,5,13,4
5090,5,13,3
5091,5,11,4
5092,5,13,4
5093,5,13,3
5094,5,12,3
5095,5,12,4
5096,5,13,4
5097,5,12,3
5098,5,12,4
5099,5,14,4
5100,5,12,5
5101,5,15,5
5102,5,13,4
5103,5,12,4
5104,5,13,3
5105,5,12,4
5106,5,13,3
5107,5,12,4
5108,5,14,4
5109,5,13,5
5110,5,12,5
5111,5,13,3
5112,5,12,10
5113,5,15,3
5114,5,12,4
5115,5,12,3
5116,5,13,3
5117,5,13,3
5118,5,13,3
5119,5,12,4
5120,5,12,4
5121,5,13,4
5122,5,13,4
5123,5,12,4
5124,5,14,3
5125,5,13,3
5126,5,14,3
5127,5,12,4
5128,5,12,4
5129,5,13,4
5130,5,11,4
5131,5,12,4
5132,5,13,4
5133,5,13,3
5134,5,11,4
5135,5,12,4
5136,5,12,3
5137,5,12,4
5138,5,13,3
5139,5,12,3
5140,5,12,4
5141,5,12,4
5142,5,13,3
5143,5,12,3
5144,5,13,4
5145,5,12,4
5146,5,12,3
5147,5,13,3
5148,5,12,4
5149,5,13,4
5150,5,13,5
5151,5,11,4
5152,5,13,3
5153,5,13,3
5154,5,13,3
5155,5,11,4
5156,5,13,3
5157,5,13,4
5158,5,12,3
5159,5,12,14
5160,5,13,3
5161,5,13,4
5162,5,14,3
5163,5,13,3
5164,5,12,5
5165,5,13,3
5166,5,13,3
5167,5,12,3
5168,5,14,3
5169,5,12,4
5170,5,12,5
5171,5,13,3
5172,5,13,4
5173,5,12,4
5174,5,13,4
5175,5,12,3
5176,5,12,3
5177,5,12,4
5178,5,12,3
5179,5,14,4
5180,5,10,6
5181,5,12,3
5182,5,12,3
5183,5,13,5
5184,5,12,3
5185,5,11,4
5186,5,14,4
5187,5,14,10
5188,5,12,3
5189,5,12,4
5190,5,12,3
5191,5,12,3
5192,5,12,4
5193,5,12,4
5194,5,12,4
5195,5,14,3
5196,5,14,2
5197,5,12,5
5198,5,12,3
5199,5,12,3
5200,5,12,4
5201,5,12,4
5202,5,12,4
5203,5,12,3
5204,5,12,4
5205,5,13,3
5206,5,12,2
5207,5,12,4
5208,5,12,3
5209,5,12,3
5210,5,12,4
5211,5,13,2
5212,5,12,5
5213,5,12,4
5214,5,12,4
5215,5,13,3
5216,5,12,3
5217,5,13,3
5218,5,12,3
5219,5,12,3
5220,5,11,5
5221,5,12,3
5222,5,13,3
5223,5,14,4
5224,5,12,4
5225,5,13,3
5226,5,13,7
5227,5,12,3
5228,5,13,4
5229,5,14,3
5230,5,12,4
5231,5,12,4
5232,5,12,3
5233,5,13,3
5234,5,11,3
5235,5,14,3
5236,5,12,3
5237,5,12,4
5238,5,12,3
5239,5,12,5
5240,5,12,4
5241,5,13,3
5242,5,12,4
5243,5,12,4
5244,5,12,4
5245,5,13,2
5246,5,11,4
5247,5,12,4
5248,5,12,4
5249,5,12,4
5250,5,13,4
5251,5,11,4
5252,5,12,3
5253,5,12,4
5254,5,12,3
5255,5,12,3
5256,5,12,3
5257,5,12,4
5258,5,13,3
5259,5,12,4
5260,5,14,3
5261,5,11,5
5262,5,12,3
5263,5,13,3
5264,5,12,3
5265,5,11,4
5266,5,14,3
5267,5,13,4
5268,5,12,3
5269,5,11,5
5270,5,12,4
5271,5,12,3
5272,5,13,4
5273,5,12,3
5274,5,12,4
5275,5,11,4
5276,5,11,4
5277,5,11,3
5278,5,12,4
5279,5,12,5
5280,5,13,3
5281,5,12,4
5282,5,13,3
5283,5,12,3
5284,5,13,4
5285,5,13,3
5286,5,11,4
5287,5,11,4
5288,5,13,4
5289,5,13,5
5290,5,12,3
5291,5,13,4
5292,5,13,2
5293,5,11,3
5294,5,12,4
5295,5,13,4
5296,5,11,4
5297,5,13,4
5298,5,13,4
5299,5,12,4
5300,5,13,3
5301,5,13,3
5302,5,12,3
5303,5,13,3
5304,5,12,4
5305,5,13,3
5306,5,11,5
5307,5,13,4
5308,5,12,4
5309,5,14,3
5310,5,12,4
5311,5,13,2
5312,5,12,4
5313,5,12,4
5314,5,12,3
5315,5,14,3
5316,5,12,4
5317,5,12,3
5318,5,12,4
5319,5,13,3
5320,5,13,4
5321,5,14,3
5322,5,13,3
5323,5,13,3
5324,5,11,4
5325,5,12,4
5326,5,11,7
5327,5,12,4
5328,5,12,4
5329,5,12,3
5330,5,12,3
5331,5,12,3
5332,5,12,3
5333,5,11,5
5334,5,12,4
5335,5,12,3
5336,5,11,3
5337,5,12,4
5338,5,12,3
5339,5,12,4
5340,5,14,4
5341,5,13,3
5342,5,13,3
5343,5,12,4
5344,5,12,3
5345,5,12,4
5346,5,13,3
5347,5,11,4
5348,5,13,4
5349,5,13,3
5350,5,13,4
5351,5,12,4
5352,5,14,4
5353,5,13,3
5354,5,11,4
5355,5,12,3
5356,5,13,3
5357,5,12,4
5358,5,13,5
5359,5,12,4
5360,5,13,4
5361,5,11,4
5362,5,13,3
5363,5,12,4
5364,5,12,4
5365,5,13,4
5366,5,12,3
5367,5,14,4
5368,5,12,3
5369,5,12,3
5370,5,13,4
5371,5,14,4
5372,5,13,3
5373,5,11,4
5374,5,12,4
5375,5,11,5
5376,5,12,4
5377,5,13,4
5378,5,12,3
5379,5,12,4
5380,5,12,3
5381,5,12,3
5382,5,12,3
5383,5,12,5
5384,5,13,3
5385,5,13,5
5386,5,12,4
5387,5,12,4
5388,5,12,3
5389,5,12,4
5390,5,13,3
5391,5,13,3
5392,5,14,5
5393,5,12,4
5394,5,12,4
5395,5,12,4
5396,5,12,4
5397,5,12,3
5398,5,12,3
5399,5,12,5
5400,5,13,3
5401,5,13,3
5402,5,13,3
5403,5,11,4
5404,5,12,3
5405,5,12,2
5406,5,12,5
5407,5,12,3
5408,5,13,3
5409,5,12,4
5410,5,12,3
5411,5,12,3
5412,5,11,3
5413,5,12,4
5414,5,12,4
5415,5,12,3
5416,5,13,4
5417,5,13,3
5418,5,12,3
5419,5,12,2
5420,5,12,5
5421,5,13,3
5422,5,13,3
5423,5,12,4
5424,5,12,4
5425,5,11,4
5426,5,12,3
5427,5,13,5
5428,5,12,3
5429,5,11,3
5430,5,11,5
5431,5,19,5
5432,5,12,4
5433,5,14,4
5434,5,13,5
5435,5,13,3
5436,5,12,3
5437,5,12,4
5438,5,12,4
5439,5,14,4
5440,5,14,3
5441,5,13,5
5442,5,13,4
5443,5,13,3
5444,5,13,4
5445,5,15,3
5446,5,13,4
5447,5,12,4
5448,5,12,3
5449,5,13,3
5450,5,12,4
5451,5,12,5
5452,5,18,4
5453,5,12,3
5454,5,12,4
5455,5,12,3
5456,5,13,4
5457,5,13,4
5458,5,12,3
5459,5,13,3
5460,5,13,3
5461,5,12,3
5462,5,12,5
5463,5,13,3
5464,5,12,3
5465,5,12,4
5466,5,13,4
5467,5,12,3
5468,5,12,4
5469,5,13,3
5470,5,13,2
5471,5,13,3
5472,5,12,4
5473,5,12,3
5474,5,12,3
5475,5,12,4
5476,5,12,4
5477,5,12,3
5478,5,12,4
5479,5,13,3
5480,5,14,3
5481,5,13,3
5482,5,14,3
5483,5,12,4
5484,5,12,4
5485,5,12,4
5486,5,11,4
5487,5,13,4
5488,5,14,4
5489,5,13,3
5490,5,12,4
5491,5,13,4
5492,5,11,4
5493,5,12,3
5494,5,14,4
5495,5,12,4
5496,5,12,3
5497,5,13,4
5498,5,11,5
5499,5,12,4
5500,5,13,3
5501,5,13,4
5502,5,12,5
5503,5,13,3
5504,5,12,2
5505,5,11,4
5506,5,14,3
5507,5,13,3
5508,5,12,4
5509,5,11,4
5510,5,12,4
5511,5,13,4
5512,5,13,4
5513,5,12,4
5514,5,13,3
5515,5,13,3
5516,5,13,3
5517,5,11,10
5518,5,15,4
5519,5,11,5
5520,5,12,4
5521,5,11,4
5522,5,12,3
5523,5,12,4
5524,5,13,3
5525,5,13,3
5526,5,12,3
5527,5,12,4
5528,5,12,3
5529,5,11,4
5530,5,13,3
5531,5,11,3
5532,5,11,4
5533,5,13,3
5534,5,13,3
5535,5,11,4
5536,5,12,5
5537,5,12,3
5538,5,13,3
5539,5,12,4
5540,5,11,4
5541,5,13,2
5542,5,12,4
5543,5,12,4
5544,5,12,3
5545,5,11,5
5546,5,13,4
5547,5,12,4
5548,5,13,4
5549,5,14,3
5550,5,12,3
5551,5,13,3
5552,5,12,3
5553,5,12,4
5554,5,12,3
5555,5,14,4
5556,5,11,4
5557,5,12,3
5558,5,13,3
5559,5,12,3
5560,5,12,2
5561,5,14,4
5562,5,12,4
5563,5,12,2
5564,5,12,3
5565,5,11,4
5566,5,12,2
5567,5,12,5
5568,5,13,5
5569,5,11,5
5570,5,12,3
5571,5,13,3
5572,5,12,4
5573,5,12,3
5574,5,14,3
5575,5,13,3
5576,5,12,4
5577,5,12,4
5578,5,11,6
5579,5,13,3
5580,5,12,4
5581,5,13,4
5582,5,13,3
5583,5,11,3
5584,5,12,4
5585,5,12,4
5586,5,13,3
5587,5,13,4
5588,5,12,5
5589,5,12,4
5590,5,13,3
5591,5,13,3
5592,5,13,5
5593,5,12,2
5594,5,14,3
5595,5,13,4
5596,5,13,3
5597,5,12,4
5598,5,14,4
5599,5,12,3
5600,5,13,3
5601,5,12,4
5602,5,12,3
5603,5,13,5
5604,5,13,5
5605,5,12,4
5606,5,13,3
5607,5,12,5
5608,5,12,4
5609,5,12,3
5610,5,14,5
5611,5,11,5
5612,5,12,4
5613,5,13,4
5614,5,12,3
5615,5,12,4
5616,5,12,5
5617,5,13,3
5618,5,12,4
5619,5,14,4
5620,5,18,8
5621,5,16,6
5622,5,17,5
5623,5,15,5
5624,5,17,4
5625,5,15,6
5626,5,15,6
5627,5,15,3
5628,5,13,4
5629,5,14,5
5630,5,13,4
5631,5,12,4
5632,5,13,4
5633,5,14,4
5634,5,12,4
5635,5,12,4
5636,5,12,6
5637,5,12,3
5638,5,13,3
5639,5,14,3
5640,5,12,5
5641,5,13,3
5642,5,12,4
5643,5,13,3
5644,5,12,3
5645,5,13,3
5646,5,13,2
5647,5,13,4
5648,5,13,4
5649,5,12,4
5650,5,13,3
5651,5,12,5
5652,5,11,5
5653,5,13,4
5654,5,13,4
5655,5,12,3
5656,5,12,3
5657,5,14,3
5658,5,11,4
5659,5,11,2
5660,5,13,4
5661,5,12,3
5662,5,12,3
5663,5,12,4
5664,5,12,4
5665,5,13,3
5666,5,12,4
5667,5,13,3
5668,5,13,4
5669,5,12,6
5670,5,12,4
5671,5,13,9
5672,5,13,3
5673,5,12,3
5674,5,12,4
5675,5,13,4
5676,5,12,3
5677,5,12,3
5678,5,12,4
5679,5,14,4
5680,5,14,3
5681,5,12,4
5682,5,12,3
5683,5,12,4
5684,5,12,3
5685,5,12,4
5686,5,11,4
5687,5,11,4
5688,5,13,4
5689,5,14,4
5690,5,13,3
5691,5,11,4
5692,5,13,3
5693,5,12,5
5694,5,13,4
5695,5,12,3
5696,5,11,4
5697,5,12,3
5698,5,12,3
5699,5,12,4
5700,5,14,4
5701,5,12,3
5702,5,11,4
5703,5,12,3
5704,5,11,5
5705,5,11,3
5706,5,12,4
5707,5,12,3
5708,5,12,4
5709,5,12,4
5710,5,12,3
5711,5,13,4
5712,5,12,5
5713,5,14,4
5714,5,12,4
5715,5,11,4
5716,5,12,5
5717,5,12,3
5718,5,13,5
5719,5,13,3
5720,5,13,4
5721,5,13,3
5722,5,12,3
5723,5,12,3
5724,5,13,3
5725,5,13,3
5726,5,13,4
5727,5,12,4
5728,5,12,3
5729,5,14,3
5730,5,11,5
5731,5,13,4
5732,5,12,3
5733,5,12,3
5734,5,13,3
5735,5,12,4
5736,5,13,3
5737,5,13,3
5738,5,13,4
5739,5,12,3
5740,5,12,3
5741,5,12,4
5742,5,13,3
5743,5,12,4
5744,5,11,4
5745,5,12,3
5746,5,13,4
5747,5,12,4
5748,5,12,3
5749,5,13,5
5750,5,13,4
5751,5,12,3
5752,5,13,3
5753,5,14,3
5754,5,11,4
5755,5,12,5
5756,5,13,3
5757,5,12,4
5758,5,13,4
5759,5,12,4
5760,5,14,4
5761,5,11,5
5762,5,13,3
5763,5,12,4
5764,5,12,3
5765,5,12,5
5766,5,12,3
5767,5,14,3
5768,5,13,4
5769,5,13,3
5770,5,12,3
5771,5,12,3
5772,5,12,4
5773,5,11,4
5774,5,13,4
5775,5,12,3
5776,5,12,3
5777,5,14,4
5778,5,12,4
5779,5,13,3
5780,5,13,4
5781,5,13,5
5782,5,11,4
5783,5,10,4
5784,5,12,3
5785,5,12,4
5786,5,11,3
5787,5,13,3
5788,5,11,5
5789,5,12,4
5790,5,11,5
5791,5,12,3
5792,5,11,3
5793,5,13,3
5794,5,12,3
5795,5,12,3
5796,5,13,3
5797,5,11,4
5798,5,13,3
5799,5,14,3
5800,5,12,4
5801,5,12,4
5802,5,13,3
5803,5,12,3
5804,5,12,3
5805,5,12,4
5806,5,13,8
5807,5,12,3
5808,5,13,3
5809,5,13,4
5810,5,11,3
5811,5,1,2
